,0,1
0,0.9406342748257953,5.0302270671460985
1,0.4440525394584624,21.729313812656116
2,2.1736123572433677,7.664962112836469
3,0.009748261660620245,-4.706561927681456
4,-0.16634451654122942,2.8407505575711016
5,-0.9146101872063425,13.388146240830691
6,-0.407841399331073,-36.814307000661614
7,-0.1328101015746184,16.60554082007426
8,-0.3412829039590681,-4.729788492009722
9,0.823914611971697,-7.935042159332474
10,1.767570319217555,-10.448908866212609
11,0.5745790045512501,13.371139679145376
12,1.921901378553352,29.23754369794555
13,-0.3148193806445203,-10.051025713184933
14,-0.5864011240949323,7.430275281228999
15,1.5890809668779695,-1.2766518708877266
16,1.9207645394974868,3.4975098770316477
17,0.7114553678994804,-9.878133140127105
18,-0.6885938836244005,-13.591370643324629
19,-0.22848793937763975,-6.370165842455459
20,2.525725612463754,-23.76677182918943
21,0.7384716278751252,-15.233171044979148
22,1.3778190459137885,-9.215203931287526
23,0.7385105517506934,19.49372485379425
24,0.31062375635355205,25.021914569403975
25,0.12528969544959803,38.894127837702335
26,-1.2131744044829302,48.89102963711849
27,1.2331131992482,-17.355185870470997
28,-0.5109504351354317,15.509958236347584
29,0.3765272701377442,-3.3565696409827313
30,-1.2072094276861933,33.775126642061366
31,0.6813200329810281,-25.353701928040575
32,0.25421691206054386,-9.452052092203918
33,0.14583315172953953,-9.203969744400753
34,0.694262694608805,17.89820806659878
35,-0.5848893093121847,10.546371669612029
36,1.1215134623632061,0.31097538621579557
37,-0.7764175542655025,-12.301707094906467
38,1.3573131816989419,-19.939567454791685
39,0.5642192301119344,-15.891913680224192
40,0.5991232026441655,9.826712792202674
41,-0.3497595210340676,22.19185918650084
42,0.6392599512057375,-33.12219879080236
43,-0.32565744717383227,-22.537045699295803
44,0.6809923634873586,17.053433295696315
45,0.20920069317055437,13.660738206978072
46,-0.3155994557024034,16.102371557114267
47,-1.9245926836049538,-20.419226976778386
48,-0.8249730199751412,23.320728768703976
49,-1.3224213445945299,4.321044841795139
50,0.5848801146792176,14.542992999654045
51,0.6526390022737586,8.742066163316984
52,1.034479838964237,2.97430733501857
53,-0.7707726080154673,-0.4097198190152549
54,1.480572652689097,4.963811089024338
55,0.6952274834503428,-6.688156243846251
56,1.341328905995588,-16.132474888457715
57,0.14851707891875252,29.24839102128154
58,1.407154373037497,63.28678991502271
59,-0.668521765259231,-26.90251081618066
60,0.4698940020562886,17.232226998665354
61,-0.6844941452473968,2.3928971572736693
62,-0.2983998255547954,-11.03030802063914
63,1.738981821911745,-17.487461891281868
64,0.07069285816934644,13.241193738735223
65,-0.02005462348751135,-8.352245486826687
66,0.702652442907427,25.765564140483328
67,0.3637941751743904,-11.114239549321756
68,1.1626043869893803,-17.808306371714046
69,0.4402967490652954,13.040756146561929
70,0.11247267335445535,-12.851891292128045
71,-1.3240433802585128,6.851725162626007
72,0.18395997979623624,10.918515855216025
73,0.7228366295435047,10.677753248634739
74,1.0830981165010123,-1.9097194153354042
75,0.1995235228899735,-11.45393896939823
76,-1.146534433376642,-4.751279770603564
77,1.0114477635821908,-4.7923024125715425
78,-0.4455807040084662,-24.056302987701578
79,-0.274623141668061,-5.706908551003636
80,0.44174738261717145,21.884319622602256
81,-0.4195253719477123,40.1985163179106
82,1.1510152519185153,33.65350439078579
83,-2.6280978869133675,-6.099290143802316
84,1.2554082657442631,13.602221715956842
85,-0.9122486422153783,-23.841716418812286
86,0.3229309931512883,31.571250601204227
87,-0.3869921737632762,8.94837028484158
88,-1.1894980474915702,10.890929648365653
89,-0.04480847502750221,-2.109965546322366
90,-0.7802186936485057,27.062753198676695
91,0.5027279751882604,-23.159823978548115
92,1.328919316985382,36.58992459833202
93,0.5108584062422256,-19.117293617742988
94,-0.12385363540622783,-1.9079810361911207
95,0.009860561020824436,-0.22910224824621817
96,0.7218125047949522,3.817840501342044
97,1.5972613506454265,23.652313951673193
98,-0.42760313807609235,-10.984276475717177
99,-1.0805731206170643,-30.783054504542953
100,1.785507340432084,-1.1468105802587867
101,-0.8354655396501334,7.1554845465384025
102,-0.75591203011674,-26.403362179796638
103,-0.30893829282855595,13.287699652956363
104,0.03594956106044811,-7.736084778969259
105,-0.6197660065266858,27.813459588464404
106,0.3664017556257714,-0.7775602978261582
107,0.8681006307220291,1.361817140999468
108,0.685350040850285,41.00645549319053
109,1.1011399823951227,-9.98227810664078
110,-0.6078899116220016,-11.45533118790899
111,-0.8148266908010319,5.255563462662338
112,-1.727086680553034,11.816837354468662
113,0.9231238064441922,-9.480308593775442
114,-0.24179149682688258,24.636279831918948
115,-0.651726657611179,1.275342315752859
116,-1.1964064063095021,-4.910920727399905
117,0.17533621555320233,14.366024036414917
118,0.33080976956095254,-41.50904995561571
119,-0.6173475003471869,7.497936266183135
120,0.37471459854330663,-3.0213028612566735
121,1.242099228929224,0.49292484613671306
122,0.9434300344159251,9.524720132104393
123,-0.3201915299126812,4.194538207920035
124,0.3272720612049762,24.026265742867707
125,0.7337171247148573,10.193384823768008
126,-0.05419820813306524,27.987961802002715
127,-0.34798768872882924,-1.6456893899858853
128,0.04509522694206127,-23.634745818190112
129,0.1400329576167464,15.906228285728996
130,0.22847140944065786,-20.798898768412997
131,-0.6205331006367251,8.153399011977081
132,1.8874685576733736,-8.331249981820685
133,-0.19659068948467595,11.167023318660878
134,-0.36883922721276363,3.5536743095580094
135,0.012993708587684996,4.985908640937611
136,-1.6862003325303323,-16.675367352116453
137,1.606164584601404,-12.783632131343557
138,-0.5788440484809514,13.34376917287046
139,1.1633758602814477,21.226021664920776
140,-0.37072906716538323,17.691255177540032
141,0.7593009925162553,11.636705815684472
142,1.848905856871025,36.71053709288999
143,-1.0874873279824318,-1.9726147569801444
144,-0.4405724814864474,-15.401244167643853
145,-1.4467369105243877,24.754062451263618
146,-0.9853802863080096,16.639705389192873
147,-0.02112466218907807,10.345786282115286
148,-0.7563394877247971,9.2924002355609
149,0.5346515595972952,23.048393858964186
150,-1.0859054743173857,11.869639064736456
151,1.4962118438217407,0.8238316917156405
152,-0.32516047241152646,-2.6055597381801148
153,0.3187289743442287,11.679883587948327
154,-0.8691769746652578,-12.939270562856507
155,0.6458033129613624,-23.516301399603023
156,-1.2902899929849927,13.228394915032997
157,-1.6315092181482411,11.468457609962716
158,-0.16126097075784657,-26.446325163541403
159,-0.5939662797834541,-29.944323356191287
160,0.299983257335087,26.574191007256406
161,0.9083342286903664,8.509818272985044
162,0.6001101663446388,13.121113058053348
163,-0.3132537693277071,85.05963321693159
164,0.7693698141889863,-5.227416253137665
165,-0.4903843754742611,-4.856022482579972
166,-0.5951266541615569,-4.269251525479511
167,-0.5896439783545109,-3.946998643547637
168,-0.04005292850309169,27.233693955408576
169,0.1609080036869366,39.8521662907786
170,-0.6384681141595275,2.65976294030707
171,-1.431493329751305,41.7477970371194
172,0.8944822298916814,29.69788781593057
173,-0.5892330738689334,0.9897252447976512
174,-0.1314215441298921,15.691660846524934
175,0.4412863158515706,-5.07366993662581
176,1.4201905506728012,29.35157869909784
177,0.0934643157813942,-42.61967324960339
178,-0.28818252975478353,-16.109544842371598
179,-0.45023084944339525,-3.117200397799775
180,-1.1544523786434375,3.118547308544369
181,0.3041973736078735,19.141256737009513
182,-0.5781618623445783,-0.8928791919544985
183,1.1624139522519428,0.9556964704520092
184,1.4644022818811768,-9.466694445971997
185,0.06284504866491919,-0.8480600334515378
186,0.5252602953590277,26.084758269733012
187,0.680039064970776,18.445473228712935
188,0.178149531106962,3.349213230379675
189,-1.016354835109661,-4.427754817624529
190,2.4940869042013665,-1.414197231612813
191,-0.6003470590513299,-3.2021019189724553
192,-0.313500993723968,-3.431721603688848
193,-0.7265907853415572,-26.572325752914296
194,-1.50747433562861,15.060023014854648
195,0.47132801030207383,36.94062523573199
196,-0.8562210224751368,11.60239413131307
197,0.8464767152677093,24.743672694957198
198,0.949195518318352,-5.046094743314087
199,0.13590488447816715,3.0191157057790203
200,0.09210286740961916,-23.694421237731024
201,-0.008829752781177213,7.981581095331556
202,0.07211265045087936,-11.460134393494549
203,-0.6765849812224246,18.99508293589289
204,-0.8020326867788868,-9.112576228247942
205,-1.5903614917305477,-20.895306011965943
206,-1.9185913834016877,10.217586529660926
207,0.037927693744747484,-7.641177657317293
208,0.3121267548704839,11.31632947145228
209,-2.012532848217194,-3.5848288400274964
210,0.19162593345715465,21.849630980929827
211,-0.692005699641482,37.156098785430274
212,0.5125247023935188,-0.7840555966414542
213,-0.8188327133038881,-1.6392593027834432
214,0.22555713973789285,-12.593734694367237
215,-2.2176180512886585,14.500332754484335
216,-0.3016154248745358,32.13313472330879
217,-0.6430290385078806,6.872917267095619
218,0.08994957000631942,-28.367236017511015
219,-0.45250189405031427,-1.6336190328049462
220,-1.0116161896104454,-15.212086991391878
221,0.1783263519005064,-25.102639814831903
222,-2.0583761251986723,11.091801752580587
223,-0.22918029052945293,-5.293740858904301
224,0.9398462234809944,-21.552123311055997
225,-0.036365174894736625,-6.929095365218385
226,0.20537584788665877,2.293657284269081
227,-0.4487797702526619,11.604073680733329
228,0.8524972772195686,-35.47502464788613
229,-0.3818937455970066,-21.529197730535635
230,0.3683577107080633,20.40992566275432
231,-0.20461051591688983,-0.36822504985546156
232,0.10313913628266819,3.7920612842467847
233,0.7280709388307225,-1.8610438683678732
234,0.4324443960617271,-3.0363055973920465
235,0.4544320719195162,-28.245903814660288
236,1.709113681597509,-8.975508455356918
237,1.6185614187720683,19.659430506794617
238,0.6394782794914339,27.89527687617689
239,-0.00312668160705241,19.411859093113282
240,-0.45649396115301255,23.233761529146413
241,-1.8662989056706034,10.724903414420874
242,-0.5090832106708609,-0.0867985507747584
243,0.893315833103641,26.648905401956043
244,0.10178587683157243,25.003475385995618
245,-0.6166391146844541,-8.02021836488033
246,1.3600833415558873,-8.075566863373046
247,0.708541370984606,-19.801098239488528
248,1.566254555158287,36.23396147373719
249,0.44759639654281425,-26.695975136579825
250,-0.4309966559790332,-10.944701800880901
251,-1.6234195999278307,-13.157389689137286
252,-0.8853360725200928,-10.935438818533374
253,-0.8330587928234209,2.4071096281499162
254,1.072122242654703,-7.758050661719064
255,-1.012498771871526,20.011818488295678
256,0.8895369431265318,-18.455720624105876
257,-0.5981882063263247,6.320360872348438
258,1.5986073355371375,-8.274579976845189
259,-0.47799404346957464,-7.736658598901801
260,0.5507198212871581,4.17814586477585
261,-1.375177410662448,5.151998002461752
262,-2.124524813626762,-21.95477322208376
263,-0.6975232777732527,0.15871991458485313
264,0.08044856294819792,30.2401329522856
265,0.44533499293216927,-29.94036684813094
266,-0.056639890434574146,-26.09218003645659
267,0.42921024163913196,-68.5163300968452
268,0.7553338953120522,-7.508702991896117
269,-1.0650068834967834,21.215477159320162
270,0.8202218598108061,6.328703321358661
271,1.118949854505823,17.01190401647947
272,1.0506963952809918,17.862404013907693
273,0.28857185687625414,10.151186941802901
274,0.5215031850602875,27.29309399873065
275,0.23836462073228729,36.8721555393742
276,2.2420305312678415,13.368073692597223
277,-0.23112123207628504,-24.105202405066237
278,-0.4428305363957697,-20.788111424047827
279,-0.4975819360214065,-18.918507593823833
280,0.16517474614788197,-42.73546543300159
281,-1.918029940949725,-18.73230295673129
282,1.6705351536034116,-18.353970529456124
283,-0.02750560956869546,20.229489436012145
284,-1.3834018949124571,-5.3080808514245215
285,0.27149915398637015,-19.3536595971671
286,0.6557195991935391,-47.15858092697057
287,1.8061780017903644,39.16037956584803
288,-0.3089703731099941,-2.815673600347122
289,0.1322170878784964,27.240532746904623
290,0.34212883495919305,-4.142398539161588
291,-1.1901117228062885,-4.662824938737231
292,-0.6678713754435088,1.8527302051228325
293,-0.694777417093603,25.693323056240565
294,1.3480837223415725,-34.30367418891072
295,-0.03493947707309805,-32.69575189247302
296,-1.5037449394717715,-31.982066220301277
297,1.8299271992569224,-2.699943791347333
298,-0.04435933284956074,26.919325583841434
299,-0.11376262918579622,-24.36800216132898
300,0.9357603392266568,19.37510540689135
301,-0.43792384244726845,3.2239298432884103
302,2.134063070819443,-2.737616200626852
303,1.3613098110482889,17.57282576279365
304,1.8008506990467206,16.029528561044536
305,1.3553724210222242,-0.25719440818132044
306,2.7977053800568568,20.41412654042019
307,2.369628180898948,-28.043946894156555
308,1.0053780908214531,4.448678941182583
309,1.6850920695673417,-24.972208905555092
310,0.5622321511163673,42.56132263437786
311,0.030675297696197923,5.0407446801139475
312,0.8226722736393018,5.476354782801577
313,1.2693536880106437,-25.597566308850226
314,0.019204424645286267,17.49262671599213
315,0.015327892464387594,6.577805166523511
316,1.6162586958073615,-18.218534549308348
317,-0.036487401777454354,20.422133704539647
318,2.1363747941044373,-47.15915297885368
319,1.6979728776701377,21.72496250876205
320,1.5896876929225028,11.968630660811158
321,1.559614098886175,-21.87872861979512
322,0.272893916132966,5.295852436541009
323,1.4322630563593726,10.23626188430407
324,-0.1088552689215232,18.724566884334596
325,0.6992522159687564,6.178233380836494
326,1.3543082379816136,-19.1382867599229
327,0.9677060587258745,11.663802944256428
328,1.8605417116597733,33.31697281893528
329,-0.19916779336226398,-12.330123996229736
330,1.292994536193313,-3.6061204361329375
331,2.1559347957280814,5.600962171610674
332,2.732894953198339,35.455716896589706
333,0.4982488900316707,17.29456363249611
334,0.3888038620025609,-4.0762077509543815
335,1.9070476051657468,1.0952018208782295
336,0.012338747660245564,-22.415666336159802
337,-2.07588468892973,8.184127697353127
338,0.8430754262353443,21.809733837384805
339,1.2296410867552883,-29.653973689561425
340,1.6772336916609902,-5.879965471457967
341,1.9237649866789959,-23.515718055332446
342,1.9071933446548992,17.119291378509136
343,1.448357275809066,1.480355408665036
344,-0.2279321071075857,-2.702633631534318
345,0.6163330667317,15.813797190727332
346,0.3191351405375996,21.33804456087229
347,1.6208290947416315,4.578218413653896
348,1.294793728978477,-5.2154702376284945
349,-0.03167784644103544,6.650448263000059
350,0.9318927536837223,10.332972554084465
351,1.346695178025704,-23.960180121699054
352,2.2817778228156387,6.049273439399238
353,1.7206554311788975,43.194803167840675
354,0.674560669341586,22.543422598437687
355,1.3199931263073632,1.769366372968441
356,-0.00712697467977863,-14.205882239211537
357,1.6955535099754644,57.786019774761826
358,-0.1558591933957112,23.48489799026565
359,1.5197426314636135,-10.597365401520896
360,0.38234839845199675,6.580044902871322
361,0.05666590384266379,-9.78283090691858
362,1.3032841952218093,4.095937236656435
363,0.7150438883666865,-6.732542858919366
364,0.9307858468712322,1.9521372509051014
365,-0.6730852018707791,25.009674132958857
366,1.10272973218999,12.932664449856118
367,0.6071491362934223,-36.366054464951375
368,1.3489910972680796,-21.644713503768244
369,0.22332416163161384,-38.87995614324836
370,-0.7721886916250211,44.47969760082644
371,0.7987303254179611,4.351836941004135
372,0.15020339754999945,-13.657035584058256
373,1.06193582211996,-12.465343414407874
374,1.8160675633417118,1.7497729256442132
375,-0.6482109662871525,22.255032319321057
376,-0.6133640791169164,-20.377579580622687
377,0.7323903782118212,1.0708247452286748
378,2.4009061386878296,14.23725570957668
379,1.1683028629281158,-5.3135638863206385
380,0.17255246107723887,-30.487313257698233
381,-1.573191619544037,30.67914898359396
382,0.14353432815975375,-7.524328094733397
383,-1.6769067545330816,6.836519941246894
384,-0.20441080644710086,22.1322606340944
385,0.7176438618864671,14.235281281210174
386,-0.3445046830130003,2.1021906232054763
387,0.9935259556358083,-3.44980087879482
388,1.3706567213201375,-9.24935501319922
389,0.9408619687548432,-11.60533412591629
390,0.034027484861774426,9.320398280285156
391,0.8650085541459464,-7.0655926950063055
392,0.4528307606836941,3.0598683377694877
393,1.3661348927132348,-10.129136205164166
394,1.2875056345149964,18.208151009334717
395,0.32567397825075484,8.291460576683056
396,1.3266402845349217,13.6010423724459
397,2.0566312579316,-3.700647748939808
398,-0.843776878474777,1.8110278127589459
399,2.10192865823555,8.656835084367112
400,1.8161423491570396,-8.074686191816403
401,0.43411105992198695,-13.862176213272289
402,2.0629807855068414,-12.170609941393568
403,0.6207950753347509,11.10735916234184
404,-0.29196753603522074,-17.868883726912244
405,3.2180572849794165,-23.16434750297142
406,1.5964629977313844,2.2117419205367908
407,1.7804862879534127,-12.818693675403722
408,0.6922137591800029,-4.339854617264972
409,2.2094432585251464,-8.917861710326118
410,0.9175903129540648,-12.080365366212707
411,1.0053395359422581,-19.70376647543003
412,1.430331852103768,7.817696011116178
413,1.8492125815874096,16.400590827859993
414,0.23663099202335047,8.13940172420369
415,1.315395769375274,-19.798123549784684
416,2.702754815936129,17.18693984051971
417,2.007373535952613,24.42096829395685
418,1.8294886303656823,-7.108415937742446
419,-0.5198397927311029,14.806676411121366
420,-0.031932606216413584,-26.176504606796833
421,1.5769825905354742,0.9177833748391302
422,1.7486365386168772,8.726729692773802
423,1.4036018607790213,-9.914824012726546
424,0.48189672666378114,-9.49483866480115
425,0.040837202914726256,24.056901281176437
426,1.1348357424757762,-28.235706223206957
427,0.5677159974745286,2.643353455649264
428,-0.09745731078708753,-4.8918603458300245
429,2.9954819244917275,-1.0026653695922318
430,2.04179934491013,21.09733317055072
431,4.121788277191829,28.785937911481874
432,0.21904261254873636,-1.203418502807497
433,0.3777941326484635,-20.34456879594271
434,1.051819069401553,42.764295092047256
435,-0.44547646924966533,41.713438015807625
436,1.3021477930402372,-8.176492540837865
437,2.651267754533333,-11.018261553659535
438,2.309721705476486,23.74050380095824
439,2.1414361956156243,-10.245611797618075
440,0.5612965114525725,5.684066062469868
441,1.0666780022251823,11.771109521491717
442,0.7769040750556689,-0.6427820662184152
443,1.6152006907017502,-6.2560662721354525
444,1.4843775904592547,2.701013646475604
445,1.5863733918881981,9.963470690559644
446,-0.7699064413557941,-0.1612767515152127
447,1.5040133798305253,15.974217170783588
448,1.2919200554386003,42.1414557857528
449,1.6659974698902398,-17.3691691569951
450,1.8119922281654293,29.48645148045446
451,1.5664843312857888,6.797392407340184
452,0.26840320020940756,26.847426672300305
453,1.2992252625388252,-19.33173557444223
454,0.8837507027657329,-19.92116368162248
455,-0.5143555927252867,12.745217009422205
456,1.7476174191603357,25.541178919248722
457,1.2381187319382463,27.174699349883596
458,3.9389635213678185,26.8131901376943
459,1.0802113699239004,10.757107375760908
460,1.651197262844615,-1.213444085886561
461,1.0442971227514533,-13.031807628936008
462,0.8980733021673125,32.49459129599457
463,0.20573235559606207,-0.5122993974089187
464,0.8224994697299587,-2.1345713140092055
465,1.4384934319668279,-5.180742989374538
466,0.4306438980364945,3.878080149189765
467,2.0202132987044625,-10.521176318501965
468,2.3375782833695933,36.46360894872603
469,-0.2009907965896922,35.5739832265028
470,0.6057315895728286,-5.242386366048713
471,0.3153224391071129,18.541060802456155
472,1.648667624908188,-2.2253895411700384
473,1.0128109003697623,-5.802134663753607
474,0.8944999835410454,39.7305485852536
475,0.15329160226139904,-2.152751144577616
476,1.104712195932928,31.33765696654378
477,1.3771725024989252,-1.8268603028719586
478,0.6068842230339527,-8.957495651808532
479,1.0513829407310014,-1.6094756414032125
480,2.1542757312948404,6.626850199004414
481,1.8985571163755943,4.64253624766234
482,1.0558526409809146,-29.577723267915175
483,0.3987579773742115,-7.46409197039989
484,0.6793292640989083,-10.313997103889127
485,-0.5282944875608795,19.133362322665818
486,-0.22078594424749864,-7.580379023899079
487,1.9128002886590287,22.574158486373317
488,1.4015946137312953,8.256354814810685
489,1.6855059451119863,1.7822190274308172
490,0.67885617062421,21.052914596026774
491,0.4920678778961276,-0.8791445363828756
492,2.2264368615643892,23.70985988994909
493,1.749185615000215,5.664803716126354
494,3.7228021017459443,-30.243828461487844
495,2.450123103299151,7.594488031385727
496,2.2637229683240303,-3.794631144927102
497,0.9882871687605927,2.11956930272868
498,1.3580080386327067,10.327598553904426
499,0.7490819344154875,2.37661927618922
500,1.6669408484999266,-21.859356234991346
501,0.6431149199971442,-1.336702990701066
502,-0.4242426115655402,-2.748463912728372
503,-1.0447613405281255,2.458220281208765
504,0.5926227904213334,6.723391154252907
505,0.4015856622054562,-1.9339775139236348
506,2.332793040088879,-22.220365990118445
507,1.675865287251176,18.329423023617153
508,2.926593073071998,-12.058208534741617
509,1.5988996957016073,-12.657012602515005
510,0.1304666871612108,-35.749249572208655
511,1.8170083290526997,-14.092867322768079
512,-0.18693173804531726,-10.507101700564814
513,0.18613617155054962,-21.393907874055625
514,1.3919873498090987,-15.023493849023957
515,2.6090130486241385,11.950148388747472
516,0.5438785453680657,16.48277902389038
517,2.016503002291593,2.2640186772659927
518,0.8790229172283428,-7.216520490268264
519,1.7446725520093747,46.7111290049212
520,2.135736800554389,-11.940917114627279
521,1.5477227373115874,6.9710035829369135
522,0.1277810209841641,-11.60453657479229
523,0.03041000995905463,-10.421902169900571
524,0.0008496179071540988,11.662740597548826
525,1.8057299175887822,-17.016369009988153
526,1.5969362897554764,-26.577879283047704
527,2.799325182083268,20.94661956641364
528,1.055289384299532,2.515501524446085
529,-0.48850310622271653,24.627784531048945
530,1.048817420407592,46.35074494438822
531,1.2932033009978114,-5.189110085013148
532,0.9556352645593511,11.12999226569795
533,-0.49859682172626973,32.79166179196508
534,0.8046475442524853,-1.0170973026080459
535,1.2773531145794557,30.21332951835304
536,1.737181169862262,-22.56038540325013
537,2.2067977034950625,10.44610544355805
538,0.8279082860445226,1.9240094076726835
539,1.440592107691026,-7.589808509179322
540,0.6039593052080744,-6.356510659325744
541,1.0362764521385155,-24.886375122194032
542,2.279689783432217,22.939419841013077
543,1.0469194798635189,26.905860891379213
544,0.14799857030505148,-37.12868423043902
545,1.407871231953736,18.701938961427935
546,0.27002467131213626,12.387766124222392
547,-0.551587894101047,12.82713062715462
548,2.0046044420583295,-9.119422264157738
549,1.343925311330962,5.906371942370868
550,2.6202781449743524,-16.023007940327947
551,2.0087979595633616,-4.6451142781171
552,1.8112633611430966,9.953768277607853
553,-0.285315598347033,-13.67385825761534
554,1.131973059475435,-11.063656468850823
555,-0.021427342763252533,21.76934545856397
556,0.6540746185289568,3.4325846312447377
557,-0.2898344937372497,14.480501868082605
558,-0.5587820197362092,17.094033411951195
559,2.650080050693191,14.531970159228514
560,0.2863902143284589,1.6821994513713558
561,2.1642639577150256,30.73963353324919
562,1.486493064275351,-15.356377909410728
563,2.1763629958583723,-8.76564187180216
564,-0.016457906651559773,26.961549921047542
565,1.079860418838404,37.36563040621397
566,1.1159868890883313,13.540712992263728
567,0.7026720246762372,37.55299729241009
568,1.9790571820709904,-12.28963630324272
569,1.4339382280208701,-9.02081549035087
570,1.2141272359954038,15.91256020090138
571,3.0070137283645204,14.638692151959567
572,-0.78830378192927,17.796665048509034
573,0.050004749925087744,42.79564072026092
574,0.9414663780976387,-18.324947648061187
575,1.4631776304647874,15.925959104105381
576,0.6333614667242028,-30.789819198164338
577,1.3184676297556153,-1.5139875766243467
578,-0.5175884972891913,2.538646866535086
579,0.14279243860026503,-37.09485580361202
580,1.637533760404323,-15.569349257349803
581,0.28410575180265185,9.091643709057372
582,1.0269524748205996,22.777205390002877
583,1.427612518903748,-14.254839785381211
584,-0.06884978443283396,-18.068814470389388
585,0.3191937228665418,-8.744472425613441
586,0.6161089154700836,0.24916814167598522
587,2.8818123855956124,-27.886686804590056
588,-0.3730441422386661,-16.407776961853
589,1.8475516224677628,-10.85706888802059
590,2.0204823702668406,1.756279851206269
591,-0.38105350656213344,9.722907967292826
592,-0.6792283576114047,0.24994257882406723
593,0.8239442051487628,9.670694644538715
594,0.8881962380574693,8.309174189585786
595,1.0194248113024418,54.25805401529805
596,2.2355543863060463,27.768015433854906
597,1.614069349587842,-8.162262942249018
598,-0.7112805832070128,-7.659901437322185
599,-0.7287808714488753,19.532933058943566
600,-1.0463713559650145,-1.08651491263221
601,36.737011616978776,-1.4521748288131697
602,-5.578777154444724,-1.2616900546980354
603,8.825871628279343,-0.8787235277586463
604,-5.7683745910997875,0.28860689176868454
605,25.24128542974788,-1.5509554967748231
606,38.09351857832806,0.48023658032597016
607,-1.6876243475973922,-0.39449407882629967
608,-18.397099156091816,-0.4622485100914572
609,-13.31086407785644,1.2123271228668342
610,-14.554651246566278,-0.5878793629052035
611,-0.38534305000288516,0.0793839614396173
612,-22.731653193473484,-1.5390088995845448
613,19.482868538341343,0.40606851250271575
614,-12.715505060964237,-2.299048988325507
615,-14.663209616951049,-1.030210785251063
616,2.8967685840569537,-0.5445631439659548
617,16.4532645589936,-0.20348118049781433
618,-8.593873004370238,-1.0203737397020498
619,-9.023192843077345,0.7797719994110527
620,-17.853994021534973,2.208761605014563
621,-26.993723328020653,-0.24497436242805912
622,5.420834548513446,-0.35307411612106293
623,2.9281344873371835,0.11463744766231927
624,-2.824964002634233,1.32637429029873
625,8.350211959432897,0.5582880966183134
626,-11.134173944270517,0.7444391303809486
627,27.738230796561787,-0.7386238565745067
628,-8.816234056613567,1.0627718210753405
629,-50.70193203374332,0.17241125652052278
630,21.913087936301963,-1.8095392637899448
631,15.891128726021115,-0.4961249742360657
632,-45.799666902988776,-0.09426128619156264
633,-28.979910621025798,0.4993660913819836
634,-9.785823691261069,1.0700261195300989
635,-16.38986801484225,-0.08405124436055107
636,-1.4311562454913416,2.0974461726601983
637,-5.77551006466625,-0.5149859062040861
638,-25.087688811879104,0.21442734613599831
639,23.4754374867156,0.39121646897564094
640,16.434129380088272,-1.3311605805863767
641,12.432825850650389,-0.21840450740587164
642,14.24632901272738,-0.9901657688277498
643,38.573483799608006,0.21400935945523517
644,10.614906920158951,-0.6354513919659752
645,-18.875595929526227,-0.756206976033272
646,5.439282331836518,0.5415361127215338
647,-20.027659597471867,-2.219193117750537
648,14.181361747818062,-0.31689417243001256
649,-2.606405701087442,-2.2933941239320363
650,-1.4363854532217468,0.9459133982324728
651,10.054242511647576,2.0608029678519633
652,2.329397570382489,-0.018941527634701603
653,-8.090162364775843,0.37641546942376497
654,-14.939685729384967,-0.10882662363115239
655,9.818776496993948,-1.2629757430227455
656,3.545405078035033,0.8384573483691532
657,-1.858811203148738,1.1883238994349568
658,-28.236609944412145,0.8620221848973345
659,-17.295093799972435,-0.5412347664055522
660,1.2044852229424525,-0.9020639073049871
661,-9.258563772635632,1.2347073706683633
662,36.36876726584098,1.5320936585732325
663,16.916132349887068,-0.9003143790707768
664,-0.8613150155283904,-2.0954607430481613
665,-4.442564215687887,-0.990270034862591
666,-10.87243319125918,1.2416326814100904
667,-15.46864687118659,-0.21172563967009236
668,13.709824215835683,1.3734222746715883
669,-15.223182786071519,-2.825776807590983
670,7.0116040613901225,0.4331895297411937
671,-9.083092444910644,0.12479729046804643
672,-0.02238492536724368,1.5871082536085241
673,-35.129029217457756,-1.4793214992890984
674,-6.715256864906305,-0.7952963457916947
675,0.3578297266908059,-0.4128839640676893
676,6.221666487948172,-0.6141370071319873
677,-4.207680127231167,-1.0673858330055785
678,-25.21778393013858,-0.2004330557420398
679,5.798069685130494,-1.5171319975939859
680,-22.17041272214464,-0.20562148211157888
681,17.56852705830158,-2.1916841452614375
682,15.494210974724776,-0.7355261454846432
683,66.18705003959406,1.6532191711199318
684,-39.99497931999535,-0.8733544161143837
685,-3.6183752218571916,1.0020950529715043
686,-16.775395726960852,-0.05370756193794859
687,22.63573059721873,0.21008227489765163
688,16.60912921305953,-0.4535079803010965
689,-9.106785375327693,-1.6237168725574553
690,-0.788799958678164,1.8121459277602097
691,-7.653379069194537,-0.788970424433449
692,6.460323025960624,0.26397849184898226
693,25.046103028283312,-0.8332596257359487
694,-28.216607792618724,0.3213994957202926
695,10.356052063154792,-1.545607849347245
696,-7.974703694752948,1.3448284244480906
697,22.113217021401184,0.41817414379668105
698,8.435942308287668,0.4558701184706936
699,13.558405960057344,0.8282574767856903
700,2.414312906448392,0.568323459305931
701,-4.22553772704597,-0.3711410602899607
702,0.9505120229420501,1.0314451038639783
703,-18.601151148446284,1.0709544497813932
704,-0.7063150221124446,-1.7714998158771784
705,-12.934859895690696,0.6254739719660418
706,-1.1189733315856372,1.680436162786255
707,-10.833762954715414,0.7213657354205033
708,3.414187680859266,0.3803607659627658
709,27.01304188215483,0.6853696918652393
710,-21.36483505626587,-0.13895982263750986
711,-10.033281897924583,-0.6662164720902505
712,-12.089499464986307,-1.8116233883345154
713,-8.50171878611853,-0.25076412208830245
714,-9.636695304557847,-1.9648184425825546
715,35.4659879271986,-0.3874019795426578
716,-29.41501560269541,-1.1606487543120694
717,28.375825362048726,1.4812380817899717
718,4.399601137437115,-0.8344366778807364
719,-6.523112509209271,-0.4759926940767444
720,-1.5571556567653393,0.3362954202000868
721,6.068850852195287,1.062317504900917
722,-6.001277813858556,0.8979115508324923
723,1.3130096671853122,-1.0570521147919274
724,24.3345150694091,1.4106328050403976
725,16.91881732638207,2.0355412964476316
726,36.86252890943327,-0.31189613358002166
727,-5.488832395848531,0.6294823373817552
728,41.85553505955729,-0.521934904278967
729,14.541901806091026,-1.4892332014099279
730,12.57148971784449,0.169216313940862
731,14.047580840651264,1.098813595208819
732,-17.216753800169528,-1.1132534325465777
733,-0.776381938428514,-0.09010060975525999
734,2.178525960866147,0.804900440090784
735,23.120341985251876,-1.0001453977023431
736,-6.516431078795199,-1.1995796028407013
737,-38.104970494718046,0.10076986786885038
738,-14.563007574561285,1.2305980182979506
739,-3.4943716321862492,0.37572159923714454
740,18.123079042163074,-0.139592973910733
741,-0.04222031693805728,-0.5788119764199888
742,19.903000755989247,-1.257822893691901
743,7.54956863563243,-2.5316350505487257
744,-1.671401745350504,0.0033258863847170812
745,15.929614662836762,-0.07484731128658884
746,-45.8381583035174,0.05687731025436404
747,14.074371360553505,0.024544852703082317
748,-18.46076154581576,-2.1346306173985186
749,-13.812401404645568,0.2080834149343218
750,11.7437768479779,-1.7192290979024065
751,4.427605580756916,1.5952714985457448
752,-16.577394170120023,0.3717511242019931
753,9.127321619611491,-0.7698619103068973
754,23.13938709228879,-1.6898409999050885
755,14.598797399684884,1.4154291027130006
756,12.145793403736693,-0.3863031757281046
757,0.773221079297849,0.3639599797138387
758,2.857591200539592,-0.48076964953055856
759,9.368663437082942,-0.6279654065440059
760,5.68202464153761,-0.17132875054111424
761,20.995490715333656,1.9716679838862123
762,-0.03980000407989315,-0.6060289645647199
763,-18.043031382467696,-0.5695885883648026
764,3.4739617492715453,-0.6049144665256915
765,6.017159651115508,0.037658914117999494
766,-2.323950421476747,-1.024496878447333
767,-38.14583070510658,-0.06937783900709173
768,-7.132254307645773,0.7146198663528983
769,-3.009901484118184,0.07734930162385702
770,45.04437627440079,-0.7778497824190296
771,16.72192027262713,-0.15982268897125737
772,21.61512912053452,-0.6142696841391927
773,-13.792313660712281,1.603085782880527
774,21.90424673739769,-0.24729354237733603
775,-10.868036194774893,1.4752497885423927
776,6.795501008702921,1.6375405367827516
777,18.436643186532365,0.5861263277130843
778,18.348450290295062,0.3818200500488771
779,10.75340375500117,-0.2394672862981541
780,-3.872742836974008,0.5406256783784149
781,-26.501260556848827,0.7195787996643042
782,-15.828257608006584,-0.8615863093443908
783,-2.6937663994153844,1.0579220396465387
784,32.57785701638743,0.7346858787958527
785,23.601275998937073,-0.6168992278439477
786,-27.990781362741114,0.12087638472550112
787,27.454909260474402,0.937110864120785
788,-12.559898754566014,-0.8656975740262621
789,27.130395888932473,-0.46056060568678064
790,14.768236788751897,0.3368808279089063
791,-17.570126069769003,1.2708048989972116
792,-28.22670597910495,-0.9002951531968563
793,-28.09579860290528,1.7806792380719016
794,-13.500770115813761,-1.3463334675851029
795,-33.02589847068016,-0.6870033998415018
796,15.490880427677679,-1.3457444257595408
797,0.04898396186167275,-0.09401343946537269
798,-1.3640089095292054,-0.9764002635182525
799,40.26167995778045,-0.05115627214857977
800,27.61824265113312,0.3901582179558054
801,-10.646129293436509,-1.534124821658977
802,-17.517635953223465,0.5919095590068926
803,33.10188144699738,-0.6615755634655452
804,-15.35566936218271,1.3619933757205143
805,-1.4368739846970873,-1.3371796870562136
806,-27.3000716968658,0.04781065813061078
807,-13.147325841312346,-0.15604882176390464
808,-51.04565078798759,-0.5147039338837074
809,1.0778452946574542,-1.121101301390259
810,18.489958237325435,1.1064555159853222
811,-9.27276775929783,0.1395622489970835
812,5.426849535465366,0.9055886346862096
813,-13.273842221625326,0.18612587243650472
814,46.24367129311393,-0.8875584953044201
815,7.739950347953001,-0.2662751910537648
816,3.697630219472851,0.5736931621495566
817,14.316671380564832,-1.0820925214741326
818,16.113006642167715,-1.1969252268380304
819,-22.725360908148133,-0.20366079498015255
820,-32.30708262515132,0.6825920919716223
821,-15.529424525219504,-1.4727187484657962
822,12.969921885070312,0.6375233340774891
823,1.2904273205959635,-1.1925818435269422
824,1.4072611313800505,-0.3094408080894414
825,-37.77895742876362,-1.0706372739746048
826,16.45025270861829,1.4860205564508082
827,3.984964659680547,-0.9446761059241511
828,10.530387258800678,-0.5423121209865346
829,2.167775465678701,-1.0485308370070991
830,9.036615000810329,-0.2713674130136166
831,21.532745044040993,1.1038792923217184
832,14.004386799577016,-0.8031905798727413
833,4.485835170769455,-0.14005927684869002
834,23.448598171489323,-0.752578785308173
835,3.5616454153512267,0.34971263070623937
836,-3.4350873798221553,-0.2518458330207781
837,10.802329405856081,-1.345094998197749
838,-15.377497102570146,-0.7638207939495412
839,-2.2361610041368443,-0.6778387597894843
840,-15.190632304063595,0.21637301413896606
841,-5.274100979219748,-0.07312988173235144
842,-19.144250980737315,0.795900709004152
843,-27.29157309147164,-0.5337935500204832
844,37.338761209538205,0.9021062266980654
845,-32.34861006246343,1.0104268294582501
846,-16.33129408268146,-0.05497904326024205
847,35.482241887008314,-1.3059676491898529
848,24.355491103995547,0.9952841904290732
849,16.213616501799684,-1.4059259538854978
850,-3.0732789237000278,-0.08890560047991702
851,26.771065484656248,0.4964203728680582
852,21.552946250142593,1.441279716982445
853,-13.554845155413146,1.3161485810739206
854,10.25736095827393,0.7550620982618347
855,-5.3558310904667845,0.767526579349708
856,4.270323713363365,-0.18917903348685305
857,19.398447594628603,0.9604630136300059
858,10.98249411133423,0.1703424311565658
859,3.2902943076444378,1.3120985957262035
860,-11.279234075350589,0.9477648277313914
861,-11.719760910277245,-0.2885703918224469
862,7.28387781382163,-0.6241191912005786
863,3.3890779822310475,-1.2340846618135333
864,4.739708756640239,1.1520140297921795
865,-2.634726050865683,-0.43371163342097935
866,-13.674978787947978,0.1384031136472607
867,-5.007990929031815,-2.7725867974566265
868,-32.31752822037641,-1.8238083482684437
869,3.244887056876064,-1.5586857788366817
870,-3.94234813790023,-0.5258285151868349
871,-25.154524780547494,-2.2266115547562166
872,1.441420577687463,-0.46406202287276543
873,11.000721534728203,-0.4082527299786275
874,-48.53888924960702,0.8925798693950915
875,-15.418731679595059,-0.8913070180945326
876,-4.507749635170969,1.2224978016268961
877,7.670055230099477,-0.4433912320516905
878,-1.7793255026858525,-0.3360838984466748
879,13.44191693097325,2.918958654131983
880,-26.99932133014197,1.319453993804796
881,10.414652249494203,-1.3491056902962328
882,18.96114900230728,-0.12690516304616645
883,-19.1658020194763,0.8234265346791481
884,0.34637077082461665,-1.9650269036012742
885,3.0276074367024504,-0.8487822781430202
886,-3.489067640868206,0.17127416027224002
887,3.5942357197135557,0.6061824843534824
888,12.91533416073996,0.14387896491045735
889,25.48520126773441,-0.050457185491867666
890,-1.8404268160081063,1.1698891818231802
891,12.51227534050352,-0.5267399712885986
892,32.90117178990478,-0.10152177222212648
893,-0.6665801001921745,1.0655396911181245
894,-59.9687963702849,0.02385386458020677
895,-30.464372288166295,2.8295585496002857
896,15.86632514466727,-1.0782099424370246
897,-1.3517308452114243,1.165812139556232
898,7.368493760252215,0.40712687920573726
899,64.72672561531479,1.4014657805470823
900,-24.271968815972233,3.0295367800429007
901,2.8760862643380056,0.7535597636491059
902,3.873184281577881,1.9604424012385917
903,-11.817730678676307,1.525849072985177
904,-13.534987606516953,2.3937225298807023
905,-2.6886770197386145,-0.30434816874106985
906,-11.742905531542897,-0.6358299007700221
907,-23.80778962358039,0.781299704245902
908,-15.16087885722974,0.24528432786918153
909,7.079399974971924,-1.5601712076556198
910,-31.084286969170037,0.27849562697977004
911,-46.59167107477086,-0.27869503405460416
912,15.30326397379136,-0.27217091463320386
913,-13.34249612437944,-0.5206061348540101
914,-21.86636513150826,3.2827933622543592
915,-7.5987741895650505,1.8953765832748564
916,-34.06315070425281,0.5123608907845629
917,-22.190929989226237,0.18864759793298036
918,30.096463461927602,0.7819164311816207
919,-12.46412413449811,0.8465445737875518
920,-11.485032295381583,2.52612308961008
921,-32.95015772536101,1.6605572208814912
922,-5.011694627574494,0.246984559238541
923,5.251564132344951,0.32423047095011814
924,12.800841973582052,1.3945845590107162
925,-5.490447046394365,2.572514708943281
926,6.469217320526314,2.207113523528999
927,16.868965237148473,1.6718471613205257
928,-9.917375912683896,0.915554757488425
929,-29.962264564754648,0.9433422542345664
930,26.11107300790283,0.7348537987747308
931,-11.09241698623163,-0.8906108876968131
932,-28.432712344423823,0.6015346398829866
933,-6.102189822182892,1.716137428596817
934,15.0327919319177,3.4064043767148213
935,-1.2865890468572374,-0.009524439225925496
936,-7.287156310410635,1.8511238503902216
937,12.060747067301193,1.281176357229005
938,12.47431356542258,1.321766840015562
939,6.598007395458711,0.5983419992180887
940,-12.606020956383563,2.5503752554270713
941,-15.54483918189515,0.6514306924255999
942,3.410066887979769,2.685433154982368
943,-21.451248320998907,0.6072416836489734
944,-6.626876847875684,1.5571503616869857
945,-9.499042864090427,1.0786500543465485
946,19.29522660236965,1.4247209398540495
947,-2.491857920205929,1.778063808006284
948,6.512509508925487,0.5459209988591899
949,15.353534019444236,0.09105448658214921
950,-26.87367748704582,2.7298893217938516
951,60.66590598732372,0.3314299521082621
952,-13.361084322319648,2.0620534371901273
953,25.069190683140512,1.1216986994645037
954,2.287272129789868,0.2915232895131701
955,39.469932840976305,0.5351271574003681
956,-3.915259242542927,2.415540457512749
957,-11.105224527659418,-1.2610670066306895
958,14.264853593431233,0.4706713654754978
959,6.174856118368532,2.107951002153978
960,39.49063730292703,3.2828842117779367
961,-32.39610252167882,0.46392050033745535
962,22.870814857999754,1.9714875056965422
963,-41.13771528230406,0.7425977922962361
964,-5.088322287671468,1.0510862256716307
965,17.795529230974466,1.9309240909840244
966,2.795013830061381,-0.4450767602485797
967,-10.655788472977207,2.1810214758977065
968,5.031025375632819,0.8722597967863774
969,-32.52507976394915,0.047777688743831814
970,2.873627104390164,-0.3213445263505874
971,17.38025958096835,1.8660193615679919
972,-30.75691354238264,0.1187222309949062
973,35.29123934555507,-0.23759303419467814
974,0.6655387136454154,-0.7293205141691255
975,6.2068219004509295,1.768876611134636
976,-34.11512603303222,0.6636142276849937
977,-27.428933504712127,1.410625131099179
978,-26.08945562867293,2.748840677055518
979,0.4601332866303436,1.2851594999232767
980,-23.542294604472254,1.2965184617634393
981,-15.9828909208813,0.25929862705879914
982,-0.010901552874196252,2.044073319101172
983,-7.4782232516871705,1.6312666297376617
984,-15.916664627946574,1.9402108864448069
985,7.0632740785848185,-0.46739659376497356
986,-11.29868762349953,-0.8135139288667441
987,33.794659318633926,0.18216956916889593
988,33.5692226666545,4.100525437120135
989,29.93934296361129,2.741656276313239
990,-16.802689648919547,-0.6028825791260024
991,23.857743192975487,2.0624970118618515
992,21.40162473001753,0.6146634060187524
993,-7.35541908354125,2.9949378738179817
994,-6.092572652183435,1.0850336405318006
995,37.03067798184937,-0.1990473420245138
996,-5.352086134274973,0.3694800438347302
997,2.0832608307512652,1.4641884658949063
998,33.297913382487074,0.3858806378459604
999,-24.645290517324213,0.6904568925420953
1000,13.508058708423803,0.9230830354106041
1001,-12.177813219994437,0.716211561940886
1002,-6.772803268825042,0.5390947976185674
1003,-8.191513494843994,1.886064643489806
1004,-14.943810676449175,3.021814604850801
1005,16.11618639571509,0.6270912007000908
1006,6.692603911084485,0.9931377228634335
1007,14.476257664824521,1.1734880632899989
1008,20.497007955085845,1.9604440776926182
1009,-0.8933791113230796,1.430109858509109
1010,25.55887167110925,0.2502302797363537
1011,-29.819586812411128,2.174463761658163
1012,-6.663528194410926,0.9342880680394212
1013,7.466069234635571,1.5364912942535276
1014,-11.468446129666479,0.46363415394890306
1015,9.542810819461028,1.3544608820931447
1016,-24.91783139966677,0.25928014138677935
1017,18.137664575272154,1.9658142291761482
1018,-2.0608535934164944,0.18667158394436822
1019,-10.52770161977232,-0.9470374649088624
1020,17.40796142342014,1.3204230632187832
1021,21.332502149536698,0.9975115679375179
1022,22.182174012329256,1.914007316587105
1023,-3.5267324949336363,0.12396216397021653
1024,15.948107965906157,1.2653600849405773
1025,-17.335318763950085,0.9165394721049225
1026,11.783198674861604,0.5931321334564221
1027,-0.40124252694273377,-0.5102581948535247
1028,1.7679704400738052,1.8814768090503162
1029,-13.463029346847408,1.8899837142274731
1030,1.1282760316774763,-0.4457375451097847
1031,20.417435281246256,-0.2435987588330497
1032,24.309766301323712,1.3189035812676364
1033,37.41983150648075,1.0400099135460918
1034,-15.192201721385207,1.9045310614804893
1035,8.211326017388094,1.4630718886146405
1036,49.96889678318459,1.938174945019666
1037,14.530056165792056,1.5249763105356449
1038,-10.631829948467935,1.2838642601122117
1039,10.796840845813682,2.0372020707376945
1040,-18.764774911813937,1.7855938420549278
1041,16.79216675383922,1.866305812705956
1042,22.10059402348501,0.6243481406913731
1043,31.175280273321135,-0.6297895430446687
1044,20.59732584214057,1.125171303062091
1045,24.77390469660861,-0.17349939637343037
1046,-25.249063016595713,-1.4410825464203798
1047,-11.20153777005846,0.36928814028277435
1048,-0.6181422015632672,-0.26035610896483363
1049,-8.978750306662,1.3760113369326543
1050,-26.133449641929307,0.9199529981399855
1051,0.7551848909465291,0.7156007972676617
1052,48.50790400763795,2.3911879484154763
1053,22.417337816850676,0.10408166894269855
1054,7.01315158740089,-0.7869401505757876
1055,23.32582375514656,1.2750120259822768
1056,26.749576881296086,1.9838770183955203
1057,-61.76990920346617,0.6496075776114474
1058,-6.5518360365015,0.4414548512637483
1059,-14.794214590790023,1.5123138451917586
1060,16.659470828400206,1.9319406484015564
1061,-7.726557723878477,0.6259483707259361
1062,-16.896619776213264,1.6593140096036905
1063,-7.66896126023315,0.9176526266005698
1064,0.40838525016632454,1.3341058604035188
1065,4.1905228644798544,0.2485510925521831
1066,-28.36388463619606,0.964661150456968
1067,-34.040705637719974,0.07417588681293397
1068,11.540250225911892,3.0415636308238696
1069,50.835902656559426,1.4790735607168268
1070,13.950413648536674,-0.2879797545912861
1071,1.4319781704750456,0.9840878385014741
1072,3.8118435596152693,2.1745435081690236
1073,33.32883755780096,1.550167758189733
1074,-26.8617058020813,0.897403456483569
1075,-2.1645934052053946,1.1869248285649745
1076,-5.573835145474851,2.10647847660535
1077,-3.562806431928225,-0.1526402091148682
1078,7.081979437848196,1.7681331471992532
1079,6.53157553806324,0.27858551720429636
1080,-8.11166067876153,2.022166590336171
1081,6.152783696581034,0.6404825745653506
1082,-2.477303091342593,0.9486201045911001
1083,-4.277042588719101,1.122404360418655
1084,23.669170580638855,1.699639368656192
1085,23.15785646091117,2.200671587365812
1086,2.2836925343108803,0.6422023775160027
1087,2.892672339921008,2.6227676883655873
1088,-14.312697762699678,1.029356245816014
1089,19.773970909463298,2.692835583183361
1090,-12.380683434923371,1.7124362661074592
1091,16.607380116993276,-0.855027901215297
1092,26.596951793997466,-0.25158279325359323
1093,3.922259576101131,0.7838626606940845
1094,-10.321385705303756,0.8603011656827556
1095,20.20865121659061,1.1039377404518762
1096,-28.306435619546907,1.868139344426115
1097,-9.335722334398277,0.957742188391392
1098,-9.305084049493452,0.6143603106597085
1099,24.339761303678962,-0.8478804425047888
1100,-15.654384164523947,1.280836961620865
1101,-0.2406463104286063,1.1936092123508406
1102,3.759478147840499,0.282539465895809
1103,0.5540280529336523,1.1895324680218957
1104,-11.999451037492452,1.7044654822088785
1105,20.8202993591179,1.8885062170383071
1106,30.43246137041547,1.4389225498172618
1107,-20.252317490482735,2.1909632564339194
1108,2.8572484985815776,2.6212751695087593
1109,-23.336006123089607,0.9666215392864481
1110,14.648799252782862,0.6622857537398088
1111,33.6342408658756,0.3814840517698861
1112,18.378169967592846,0.7959214045104366
1113,-26.701920864171303,0.8662014148071694
1114,-32.68352054421311,0.5664386590817665
1115,13.064522628071678,-0.07937978809443869
1116,-0.14639346039605483,0.9447068659079789
1117,4.081829666540834,0.55813506413482
1118,-34.88090754062759,1.0972021310652404
1119,-1.7454271933732777,1.6928218962775445
1120,21.156270050678668,0.8651025641611182
1121,16.343126435532582,1.1694681037008825
1122,-10.34453050026249,1.0149566333905873
1123,-23.47374422820496,2.080093416079757
1124,38.738875650857715,0.7472837086690021
1125,15.736642459190456,1.7489455376682197
1126,-25.08404428336136,-0.1963800179982642
1127,-21.989750198210768,2.716282574693662
1128,0.5813384358456943,1.5722835828891442
1129,-14.963096634559701,2.138134938627932
1130,23.502264233827496,0.9585651408193016
1131,16.40962373090237,1.7270729494743602
1132,-41.78260839669922,0.3621146995745834
1133,19.55169026084926,0.25022988514833844
1134,4.21103227110742,0.8569604973311926
1135,-19.62419479855666,-2.1087024586828047
1136,-23.255066019916207,0.7058258617057249
1137,-24.998151772218883,1.5293506509142278
1138,-2.236061503904266,2.519457214222137
1139,15.780247973098607,2.8275089992936278
1140,0.033457495316707275,1.1860458706430905
1141,13.727584203844724,0.9079143428197748
1142,-0.4612865818241012,1.0185180043100985
1143,12.499311017941906,1.7978204021734736
1144,5.864192305882423,-0.035366961818077636
1145,0.30761991512937925,2.3165283568801245
1146,11.48371629439282,0.8625558499094477
1147,-4.998511539309035,1.9599886015376398
1148,-20.178577668404337,2.792579817809737
1149,-20.694633387436088,1.2787023556430337
1150,14.143712234297109,0.7678097090575503
1151,0.7061616862003688,-0.9053121736670324
1152,-13.874410210841969,3.5275503295368056
1153,-3.9020856153794776,1.654490997717449
1154,10.498837181281857,1.618853437302657
1155,22.82954399204986,0.9524662510286923
1156,-21.762509135489744,-0.5853218373811364
1157,-33.448263861304255,1.4020098705036008
1158,-7.5025000891294304,0.7635658335852191
1159,3.133405880291485,-0.5440634320092732
1160,9.52482066769906,-0.1657156244693334
1161,14.329114252532232,1.278517769496951
1162,-3.355774425656926,0.7028004844690091
1163,29.602060019274205,0.9202542867479981
1164,29.502158655764184,0.9635502748550853
1165,-22.769117716185704,-0.09541111268672564
1166,-10.291897985955842,1.8938003928908982
1167,-0.42447061887309134,1.9613265948097713
1168,4.211483546370196,3.50863524806733
1169,-22.811699338702844,0.9645007690779172
1170,-17.23365456338678,0.2697427440211183
1171,8.323851444086273,-0.7497075206292503
1172,20.020210899357124,0.750221860439871
1173,-3.5726989654905292,-0.8620472889567816
1174,4.129807145509265,1.5384620372220486
1175,-1.1486178582201854,1.1199656250800631
1176,5.768611314086163,1.249724281464164
1177,29.702711489708033,2.435661799562224
1178,4.366407401247356,-1.2617977774025948
1179,11.28557712478603,0.03301073303713109
1180,-10.075990679226827,-0.7136738432238843
1181,48.81447088341203,2.870207836006156
1182,25.437684110579173,1.077415125127005
1183,10.705718770751464,1.656079200063295
1184,-15.032877802141392,2.6501170698035903
1185,-31.85355770359793,-0.6829899886685313
1186,0.7854190975013944,0.543264845649762
1187,-17.403011372572244,3.267526829484478
1188,36.47476240929434,0.7503078934359765
1189,30.943699710487365,2.444543818325375
1190,-16.534974845393794,1.0425674877463527
1191,13.703392561133466,0.4968458349231756
1192,16.950135512562166,-0.34918545165088277
1193,-30.330512543868124,1.0718881154298037
1194,-0.8503992623049674,-0.24101526680363494
1195,-18.805223878497262,0.5002157845319508
1196,1.5657803050093169,0.8593833629696574
1197,33.585856757874645,1.6823342958027723
1198,3.4868381340709282,1.6569883771005145
1199,26.923432719206403,2.609828313694263
1200,20.823411787202694,6.276953917587494
1201,8.46363300884909,9.98656382490607
1202,-6.754308205256965,9.759106862300936
1203,17.61393789686892,8.978596823224422
1204,30.036324956384703,7.142251470830872
1205,-21.36428129821484,8.654541702602305
1206,-44.85205635737361,8.799930020822028
1207,19.204241652283347,8.578722961157862
1208,22.31345250702305,8.712404518474878
1209,15.006125692546657,7.438516628061832
1210,-4.290720769411833,7.385937110295587
1211,3.22797460334897,7.735574458754935
1212,-0.27288050417063525,7.436684907794332
1213,30.87693266461146,5.33718948152735
1214,6.853048805055243,8.611393217022973
1215,3.0637275757485267,9.390688118253326
1216,-39.965202377859164,8.405312189259181
1217,-3.055267755824846,6.484263170729931
1218,4.276600511944006,8.71055704010044
1219,7.193183651422905,8.389028498355326
1220,0.6877006123521886,6.792912944907904
1221,33.55757753604587,8.078063656882332
1222,1.9779823026062298,8.677769423173572
1223,54.59457706561645,8.678290737037198
1224,8.237781674741829,6.19119448698585
1225,-24.545261383866645,8.44979128309236
1226,-24.033522888506315,8.45862274970441
1227,-14.250404703739648,7.90513094523848
1228,-42.293543386450835,7.7709081385738505
1229,6.878801965998286,7.858843027862889
1230,18.084065315054616,8.107876106840072
1231,-6.8522429031786505,7.312415064125108
1232,8.572362123220907,8.309511500043012
1233,19.559668197352323,8.322932716069513
1234,-30.323989852854005,8.520828548485063
1235,-1.9523712892166323,6.360073167727062
1236,-19.166080538229302,7.101771521893497
1237,10.863482163899693,5.886288168591648
1238,-3.583124079838173,8.51237855284332
1239,-2.602364247844576,6.774720992890465
1240,18.343446594330743,8.137580458527435
1241,0.4143413048759468,6.044437692053518
1242,1.0346632011087618,9.900027660827297
1243,-11.284718768516631,6.9164530521474195
1244,18.975517194136653,8.004674395207152
1245,4.627919467240505,8.206195551083251
1246,7.809322200881104,8.028826570921133
1247,9.839277224756714,7.222936140714771
1248,5.761122739895064,6.409180027896482
1249,-10.812578871867562,8.358283382803409
1250,-0.19924790009837712,7.457126957009853
1251,-9.42158744420549,8.768871055104901
1252,30.90445695143905,8.386105488784324
1253,0.06362557390849632,7.982151224689157
1254,2.6628450276311484,6.142679689475835
1255,5.057138482043077,9.058880749543967
1256,21.186318923260195,7.319716511814498
1257,10.777868508582234,8.30386841488112
1258,-15.376351198982675,8.322812136712457
1259,24.754576127514667,7.242698356306114
1260,6.0050743379862865,8.497153904089874
1261,30.99565914716006,8.0786422423657
1262,6.390146030506619,8.10271174734524
1263,13.27588479192046,7.997854858354557
1264,9.76640545176691,6.649813105905336
1265,-5.314661217529832,7.854274943841093
1266,9.540605754810812,7.085815197253814
1267,21.25707224189044,7.843005535446229
1268,36.272680859478186,6.62726091344842
1269,-7.679057635935276,9.03193273408393
1270,4.088052382806186,8.538078528962464
1271,3.259382174969526,9.010902189954441
1272,-23.85805701894829,8.594050664730032
1273,3.33091144511865,8.288609505232689
1274,-12.352860941532894,7.147347431937105
1275,39.82132596804044,6.927696615374135
1276,27.413991717640823,7.05421478444346
1277,-6.255806742373691,7.323400941817177
1278,23.34284325395072,6.539912512851474
1279,-32.99407306112798,9.029689789702038
1280,5.649751768536359,6.65127378446941
1281,-6.505568481717946,6.722990471536762
1282,-23.62823926834591,9.574781920200772
1283,-34.46952458408626,9.611944319846847
1284,4.770930837440455,7.624284144574433
1285,10.219839695385929,8.706694232413582
1286,-8.380627304035379,8.819511280097771
1287,18.869341684543947,8.914787532871053
1288,4.9289335764169815,6.858352562510927
1289,2.151394442700198,7.85509165200488
1290,-3.968455632696494,9.201105453604566
1291,-22.431270942175352,8.064917628692971
1292,-13.626310480695437,6.825208993607982
1293,-19.370248119304442,9.03346288142713
1294,-26.271331956478836,7.169189807845423
1295,24.115649023216605,7.4257963246888306
1296,-4.535853981067352,8.929451476992941
1297,-16.854449298507507,8.660886418176878
1298,10.759697139698535,7.676360540015394
1299,-0.14649044670557365,6.4265487943718425
1300,-30.220553391307305,6.8345842895217634
1301,-2.3021967995028394,7.160275930166483
1302,0.2375902241143576,6.49269759963532
1303,5.2535732099526316,7.634035069478422
1304,40.03808706622457,6.55881524415275
1305,42.59687090060966,8.243371587178846
1306,22.402776438952547,8.02548539551506
1307,19.38561750519956,9.000117491975923
1308,-23.762751504712494,7.8535993500462284
1309,5.51875037674704,6.819683674383033
1310,-4.624944603083243,7.62840850809191
1311,-30.842593161496737,8.598327952287153
1312,-34.828351867224775,6.687198598287874
1313,-8.325317199143687,8.611955016301017
1314,0.38530927666351,7.92197760816285
1315,-14.545914055193482,8.373087675241024
1316,7.498183793193093,7.867803158333484
1317,3.6203214739739793,7.234781231442861
1318,-4.649766484459829,7.814951439219163
1319,-2.948781032196501,7.058344661301874
1320,-27.007305578261892,6.965957303363351
1321,-3.4557320260394118,8.998539361935766
1322,0.17235640205433445,8.100835946788099
1323,-8.158786302607481,8.341786290499126
1324,5.869940116712326,6.472584288839581
1325,0.8039503416330692,8.089699149555045
1326,19.28853021856118,7.3486344799631595
1327,0.14878393229094633,7.501548294593745
1328,-44.02120488877185,6.57785413467997
1329,8.133889228623076,8.33630378747889
1330,-5.889922119998413,7.354107183568151
1331,-10.80192335524855,7.869187786735324
1332,0.6881588210257567,7.214173908629235
1333,28.631941961615727,8.973151491119662
1334,2.0006942009278568,8.237921372732247
1335,-1.200580469298258,6.782656857234624
1336,33.95296989932174,8.56848907386765
1337,19.507831808074368,7.695368831348936
1338,-29.94070096227098,9.483991115482146
1339,10.815189742099298,8.108016399077286
1340,-11.21673824077343,9.072512703525321
1341,-5.933114083398944,9.86171139681723
1342,-12.960447243057013,8.457567302497855
1343,-4.7100647274103515,8.640209524662666
1344,4.5796233705092675,7.10287037533716
1345,-0.6398233062112184,9.265937309290113
1346,12.962452475504373,7.061114981356015
1347,-6.789828208576555,7.985746051745494
1348,39.23749637944654,8.145703340543298
1349,-0.5924385108081003,6.6600260232992845
1350,-17.70587199528095,8.241436146984455
1351,16.14195761869226,9.860188507535051
1352,19.391514023243392,9.00527192901779
1353,22.361264132664253,7.152445537316745
1354,-46.64047573325007,6.500652534836274
1355,12.769749952965418,8.7445620464762
1356,-1.8496005358862737,10.153161853157904
1357,24.886000006042174,7.645676926107133
1358,-9.626205750170168,8.182488911063912
1359,-11.412179054300353,7.250145250979024
1360,-9.55461683907346,7.563500016313421
1361,4.153201471465937,8.830591678341948
1362,-21.506443651315728,8.13444696639663
1363,-3.687533020787546,8.161496485429149
1364,19.967493936931803,7.460765190385234
1365,-26.109288336703592,10.052028478612392
1366,-17.025977636049525,8.005552124315592
1367,33.99428210868862,7.03877080581975
1368,23.924177114314702,7.725791580685544
1369,39.07352049493698,8.374853411385004
1370,14.415153220180793,7.069352800038956
1371,31.224017624152314,8.717647658143658
1372,-33.235185438162794,7.882685954648961
1373,-8.127368277238341,8.478859638918065
1374,-1.5976840126768916,6.979063599433493
1375,34.25928431214445,8.664895224843224
1376,-42.35416053524817,8.465001284521158
1377,-25.611345079606092,7.264425754339188
1378,-5.321364240392939,7.983466717816048
1379,-16.176971667659178,7.736989133789497
1380,9.552866271113416,6.929392747512448
1381,-25.540584300947,8.514601644399015
1382,20.866850601905576,6.1413143369026075
1383,-11.198025308539933,8.076551034479493
1384,-30.551811851861768,7.201993859530653
1385,-26.968817364304716,7.7764888972089885
1386,-9.61999288745862,9.11671383328619
1387,-1.5293151944457088,7.997332208981215
1388,29.76776724833766,9.766610681202089
1389,-18.222357975317333,8.749019666648532
1390,11.616084193177437,7.77887764618754
1391,21.730354521129442,7.377376557300025
1392,-15.569796148359448,8.152847401764571
1393,5.440182595242838,7.514001562242472
1394,8.178232026337561,8.411095900107476
1395,-8.971108096741084,7.387129607613829
1396,42.250471776717205,8.635299737111918
1397,22.697532281112203,9.097432178846763
1398,-9.345194108002637,8.536296881223457
1399,-11.485884161959666,8.164604939448214
1400,20.23205797589803,6.79003710236718
1401,9.660538757920689,8.038704369763307
1402,-18.697284979071807,8.241955448726904
1403,-8.839194049252274,8.10483170464876
1404,-56.773957785138265,7.707514436424815
1405,-3.6330812974986415,8.367348106653287
1406,-10.136300260946896,6.486141069352747
1407,-20.73918332238848,7.478649891546732
1408,-8.928208149037992,5.93782770912124
1409,-10.860392264599756,8.954496620490051
1410,-25.344630746628543,7.860990171699676
1411,-3.6436870862820703,9.245992475525522
1412,-1.7011416088191846,8.511782431179308
1413,13.013581984333367,9.457707118419167
1414,24.973277740840068,6.770089651124413
1415,-0.05021769734181336,9.002165637377523
1416,-11.800317139338075,7.969803176376272
1417,-10.634479142048928,8.081534110003862
1418,-15.670686619687572,9.294717203573235
1419,24.301427146939446,7.697785925992189
1420,-7.154826415505445,6.946792566133929
1421,-9.842719858399319,8.968741903416838
1422,-11.180812718575694,8.17202509534937
1423,9.748006829002684,7.105738739899211
1424,3.74755395178415,6.14293924134573
1425,54.91961943095416,8.910458140631103
1426,-20.559295199892144,7.1986507017010455
1427,27.879214241996383,7.525018351274553
1428,-31.18718867041393,8.205217141480578
1429,15.891310751929051,9.124017777228852
1430,-19.62981702466462,10.58935814766073
1431,-8.821915145189276,7.711005536598901
1432,6.895340408412627,7.371839053932407
1433,-18.020271724112796,9.584699073021877
1434,-11.4349099639328,8.22099527932896
1435,-4.822893623125261,7.017730544276496
1436,-24.628450049681103,8.20242794581387
1437,-3.8461588736844385,7.507180911379739
1438,-23.200960985207168,7.605965702341168
1439,-5.0880325812986325,8.870146440676471
1440,-15.552393563473068,6.564376183796227
1441,-13.574677951631747,8.496477060377037
1442,23.49930328600435,7.549616369641683
1443,-5.771241352317715,9.104469541551556
1444,11.613118823472536,6.532095767781421
1445,4.3885296245575525,8.152207169906522
1446,-10.13606750297711,8.535737943917509
1447,7.873343157781985,10.278949958383416
1448,23.106250910201595,6.8414215109112835
1449,30.951008040185943,9.12733460137856
1450,-13.148353049000606,5.498810466549186
1451,3.3652878121114576,7.739919953880969
1452,9.563621472308864,8.72664629395282
1453,-34.10467478775355,5.865155266818839
1454,14.827856086031463,7.676557035094134
1455,14.742481442291561,8.462168946948344
1456,37.19598317887512,9.007556290790136
1457,12.021969035664652,9.411076840815381
1458,-25.006279712698394,8.252149421235837
1459,-0.468335173118972,8.351633542462334
1460,14.009196602354237,7.840945550625023
1461,21.477131082731724,9.758655168661084
1462,0.5693030312693556,7.839599450542379
1463,17.398954945285936,6.897723884683854
1464,-8.51621004792348,7.889522590322771
1465,19.92249522839925,8.826832213827654
1466,-7.645269942422139,9.42829279887602
1467,31.627229260637208,6.864057174425258
1468,5.371194448555037,7.593404229696725
1469,-30.42026179260112,9.862462094562282
1470,10.949901790277774,7.551884750261033
1471,-3.540127978935584,8.849060740969488
1472,8.634492880600495,9.499126036449898
1473,-36.11822427902318,7.028589652375005
1474,-26.749036247398756,7.071839814985969
1475,-15.377192948871471,9.56053181943569
1476,-9.256070724665452,8.820823938220649
1477,-14.19277724853589,7.927068284502873
1478,22.204939353343555,7.767900927069373
1479,-7.193707889464063,7.509913101066708
1480,0.30825503746204874,8.361348469285309
1481,-54.53006806942139,6.617947429435498
1482,2.6451708365211473,8.629967708642255
1483,41.38783626780286,7.890237163051125
1484,-1.1794342910583966,8.67096415023988
1485,0.9976372605937966,7.268271615544073
1486,-33.03189013392591,6.9954989631839934
1487,-2.7748317736835024,7.883772602839769
1488,-12.834663275355163,7.802980356315491
1489,6.785341822673647,7.999126836648671
1490,8.243352958905538,6.6729623623719645
1491,8.937467383489885,8.533840832498383
1492,4.075631652461387,8.701237829487678
1493,-25.38285584160187,8.988834945132178
1494,-28.11606868464091,6.7826473425937195
1495,-2.7297359779925165,8.52021791548762
1496,9.14160251740193,8.120048090740614
1497,-0.6307631988155635,9.531362703873327
1498,7.121221834965121,7.895035869769875
1499,-14.469050267100517,7.458573365823103
1500,23.994322145632168,9.454145983549548
1501,26.678384501540624,8.162579172608414
1502,50.564595401632204,7.2339952756345
1503,-19.40422570971417,9.124192517894137
1504,-7.144400246533541,8.317874770857514
1505,-8.776981966062547,8.937567437880816
1506,14.93250613175794,9.499186240496114
1507,4.693677921102576,7.1361989343743195
1508,-12.45364644516928,8.612823031699929
1509,-51.210802817868185,8.907185867516535
1510,11.333975646756851,7.121988427660214
1511,18.85022521306506,7.745023151607686
1512,-10.39087648596001,7.930376080785349
1513,17.11882835757661,8.189899449728482
1514,-2.683739542065716,9.435118708126334
1515,16.043891287881713,8.651193197002947
1516,-10.317019310075226,6.430777424282828
1517,-5.64763194172395,9.152316525244924
1518,-16.298446762020152,8.489717032972045
1519,-6.560459616605003,9.458936729975157
1520,6.7819580668920345,10.462823395321319
1521,1.2043663860693754,8.996679385959158
1522,-12.18377119239302,9.843889927319912
1523,-36.646296798594804,10.867566073701903
1524,1.4620030217753983,8.829111646865192
1525,-17.051278194285977,10.157112040894567
1526,-9.77236381781859,8.261195471398121
1527,-37.69314113542471,8.175083540399848
1528,-12.160934293524221,7.148045098218242
1529,13.421340143502954,9.192254970392607
1530,-5.6439640688337125,9.092747485118192
1531,54.65531137784219,9.6576734444702
1532,-11.304733297430422,9.107929007427579
1533,24.041396979118502,9.420038548776919
1534,5.481695788644093,8.37950624386863
1535,-10.191611070476633,9.372424360711939
1536,16.858649384394184,9.138484664362673
1537,2.2300008942348883,10.118903980986108
1538,39.244623163386166,9.192498018629866
1539,-30.40516266267246,10.02675067056938
1540,-44.95903493531478,9.502790021975215
1541,22.874885342339866,8.314160594313634
1542,10.222717821511857,9.621340607278189
1543,28.894170357792284,10.264908475079054
1544,18.083112566548724,7.752633706604271
1545,-1.7182787434377436,9.4095201427405
1546,-50.01056172418443,9.212661103481038
1547,19.368872472570406,7.637546963240794
1548,6.618748116676031,8.551298781863174
1549,0.15610546170317896,9.14661612911484
1550,-3.023291108090591,8.92773169082464
1551,-1.7799838927180835,8.753863461625643
1552,30.8326047052356,9.446092873404432
1553,-15.293877591961785,10.474286602335022
1554,-10.411196351716438,10.38568931738008
1555,-6.187421883580164,8.56251370811328
1556,-29.04303463565509,8.98052845131567
1557,-12.930478084460713,9.24552499728871
1558,-17.379162764480377,9.012481303245728
1559,-15.5731242905545,9.295428701298746
1560,-20.660411070909557,10.398901109375789
1561,-0.7045642436911024,6.917198140337485
1562,-6.272913029772775,9.671347741115728
1563,5.028861163409557,8.467448329561998
1564,-50.2459219081224,10.678133975508974
1565,38.31961712841807,9.957847859483522
1566,-8.666756987403732,10.152375088232382
1567,-26.040630698724733,8.706348793955534
1568,17.82225331690483,9.85611188585382
1569,-0.61508401995534,8.984955417207386
1570,-31.275276190269594,7.924926767537828
1571,-12.801359341550013,7.708010212266557
1572,17.57267655286379,8.375359110763998
1573,2.428217696431626,8.06402685724311
1574,13.135024081059361,10.378117320083332
1575,-9.004934949837253,10.30729194747333
1576,-24.11739337729036,9.338431021324798
1577,-26.567689369451035,10.177409524871274
1578,44.27997729514001,10.011027202901579
1579,1.0284228136952247,8.521750750617427
1580,-1.4196221363813106,8.369383134174347
1581,12.254592938017543,7.103883488245891
1582,-11.931193478144337,8.883807060574975
1583,-3.8077816008770897,9.603214684159168
1584,-48.94493508148255,9.14167139343149
1585,2.949781037188824,9.304745955318516
1586,-11.134393483805443,8.452737660614702
1587,-31.14244302640838,9.607123649615112
1588,1.4581865738445081,8.328443260126766
1589,23.208598020198263,9.918760432596773
1590,-8.050179903624114,8.804260313558373
1591,1.3283998771712022,9.531887072472921
1592,1.7114565290672894,9.83458081668864
1593,31.078948667480358,9.167459676618794
1594,-38.14033045640765,9.738389989608429
1595,-17.87385818227166,9.642955306448801
1596,5.774036717429722,8.210239811550995
1597,26.460380492766664,8.9015982752014
1598,-17.40550726027778,7.741569156558045
1599,9.166287421142417,8.438418461693713
1600,-3.4288151956766937,9.444345593405522
1601,-21.466872895055776,9.293602743587018
1602,10.670407912258952,8.672830336971142
1603,-11.305791166087442,9.164553269111963
1604,-12.057430437894496,8.74234935494632
1605,22.444502162212927,8.306345868680879
1606,21.177864880264927,9.854624396591175
1607,21.554370111306326,9.738233333438727
1608,35.491775497012874,8.63549393603322
1609,5.8016053861476085,9.398293715161893
1610,-26.465815041327023,9.164104876137252
1611,7.141406064136069,8.700979354908036
1612,29.85085740102499,7.0828783707517164
1613,1.5426117559903199,11.028866894155689
1614,-20.096908260129005,8.96693292824002
1615,-18.844148177227204,8.753522054546002
1616,17.173519150309716,9.047919430321436
1617,-10.017158303991277,9.05976884870654
1618,12.476357687589552,6.69721363155817
1619,-19.185071278513433,9.421932988367764
1620,44.71706328991896,8.7786145044415
1621,-14.805315316701702,9.397458291001925
1622,2.9173549714797193,8.346388530537663
1623,14.582807454048258,9.801821366908193
1624,-24.4982513982253,8.63237172526815
1625,-36.065509926299356,8.553522318492083
1626,13.942978862417064,8.626080981190082
1627,-28.859422966562427,10.603203068347865
1628,-4.838783216659635,7.037908599803323
1629,8.848495309681315,8.334358326014476
1630,-1.7370238331554697,7.2329601094723746
1631,-2.3961777256848587,10.447823621606375
1632,-25.29470249049017,7.549304636077685
1633,-18.785446329164785,9.256953654876256
1634,15.510788414232074,10.185121504019527
1635,9.642506891608035,7.940613685273747
1636,-0.814072086304185,10.123114562192148
1637,8.1609914814901,9.40389356006704
1638,44.646798459875356,8.460507441459791
1639,-5.223542137023044,9.789680445286677
1640,-7.805528602434073,9.581532364459825
1641,2.5104396473377437,9.104014738785661
1642,5.844792444553626,10.99880003514036
1643,-15.69872152610036,7.541099729353546
1644,13.917584862035337,6.302623643688188
1645,-21.899680836901478,10.793409001077723
1646,-33.490057943454644,7.901892297434748
1647,37.527721113894415,9.07299558900178
1648,8.109990522847566,9.590581026049174
1649,-16.520999956297192,7.5258559498509605
1650,6.6844500389687544,9.034829435096732
1651,-0.20640722915865384,8.14139227218938
1652,-1.5410706285323892,8.646439920914414
1653,33.070840884609694,8.50803311706278
1654,-8.982653740133372,9.456344214360373
1655,-2.4531536035435266,7.974135438474389
1656,-4.231747687445946,7.750650117864426
1657,-27.0424807425844,5.20086296843605
1658,-35.4561142239796,9.63215754240425
1659,-25.402972612039914,9.818334425075026
1660,22.215162548043388,10.384142512694707
1661,9.461410915371463,8.918831683977409
1662,-0.9727153627867837,9.93207905448013
1663,14.583842397649018,8.53177546608363
1664,-7.5696878274857795,9.838754979477871
1665,25.71637397967634,8.592923432960289
1666,-1.056332046596883,9.080779785141075
1667,-25.50545127660642,9.45265851365466
1668,19.614033291223386,8.199034091290113
1669,16.99208232842524,8.05940452220013
1670,-34.660412128377374,8.275770937976237
1671,34.13780885692951,9.824579520766102
1672,-34.42438612291342,8.797633502463269
1673,31.767775660208624,9.378483072075298
1674,3.8985303984263497,8.756403151784767
1675,10.292969944847506,10.949537609878517
1676,-0.6622774906666891,10.795912917568995
1677,-36.67954056917502,9.375648870093826
1678,-31.639880645528457,7.3990579128175185
1679,-8.06489042422292,6.768701328145969
1680,-7.964466822228049,8.8357048898371
1681,-20.098588703932997,9.532140083485565
1682,15.419952810235692,10.807557207492566
1683,-16.086467503892898,11.318969899138974
1684,-4.8964737677222345,7.364829446201657
1685,30.643631391968132,7.0823456400433145
1686,14.303313447110874,10.880764928848583
1687,14.85594039664262,8.801127421348431
1688,16.49503529851753,8.927336390869893
1689,-30.85894325271083,8.556925297450164
1690,5.505178379300164,9.389458333693018
1691,-15.311331702184393,8.46838051661437
1692,-11.441351056391788,9.277135748016292
1693,26.90830404318272,10.629189376108148
1694,24.642565932401805,7.913041366075838
1695,21.223673202037936,7.573556727467462
1696,-6.110968127988091,10.814859863442969
1697,5.468766780075303,10.37973126910089
1698,43.16578618500871,8.436183100675901
1699,-50.59694026056813,8.747494844224025
1700,2.8908363834126893,6.938995301023827
1701,10.590321507151652,8.289778799020727
1702,35.800907690063376,10.152870582708262
1703,28.694661439274874,9.77621281066589
1704,2.766631423142919,7.385232027200304
1705,17.25657769823744,8.148443518760104
1706,24.71079069218193,8.84487472638564
1707,-26.236569126348094,8.2439994708338
1708,51.95271633771593,10.53477264798907
1709,7.712034267737035,8.63632769832218
1710,-33.737415064736126,8.227266114929321
1711,25.411404637643027,9.077837192309946
1712,-26.784072840249802,8.870213999321333
1713,12.89640720897583,9.012383192304307
1714,5.2218435505206795,8.631346219227503
1715,-19.118911241406803,8.196835973144408
1716,28.545894157609794,9.455529093457637
1717,-0.8149816626524315,7.673828581242782
1718,13.506945134922457,7.82754119818626
1719,36.06403880287817,7.209653517755609
1720,-7.15824856341443,9.45193794993822
1721,-32.49032497194956,9.997129011481672
1722,-15.53353668181813,7.536023680797762
1723,-3.997475319533608,9.015890652535624
1724,52.41359604278821,9.660687604774768
1725,-18.891242879455497,8.037515877284301
1726,-10.873192012883122,7.371394058814336
1727,14.509918448443111,9.3662142936715
1728,10.350623437473958,8.067643439400172
1729,12.268159408715466,8.31622473354781
1730,32.92928953711161,9.56967558952439
1731,8.581791436955694,7.796624291940696
1732,35.474600415401895,7.31990888850211
1733,25.884272785802473,8.775568763122708
1734,-36.38800887166524,7.760314336264841
1735,-3.6667095865836847,8.861832920519175
1736,-2.4825054633584793,12.278553697045064
1737,-19.893702625220207,7.676870750383687
1738,-20.097514053785005,8.733308885938218
1739,4.4257149143293875,8.932880682080476
1740,17.942529697370436,7.2785684803033455
1741,20.836325154608165,9.516334333077925
1742,8.919437453905989,7.603230651792258
1743,-21.548459217035152,9.937343649180661
1744,-5.116606729895977,9.909707629435502
1745,51.27749059967023,9.505336703965263
1746,-5.730119548153739,9.715709322512637
1747,12.431711460134876,9.41697910911482
1748,28.62493597883964,8.302706048557942
1749,24.37813459164705,7.6636493665935195
1750,-3.349476493890343,8.930108076437895
1751,-1.561307417287761,10.556677001215611
1752,-19.302918267963705,9.542098077321532
1753,-7.829608183590313,9.159016571051357
1754,4.241314142103343,8.771031233287893
1755,-33.15285925138659,8.850578674674246
1756,25.592173874410335,9.004493431421327
1757,22.001362165433125,8.684021600320856
1758,16.0156717269312,8.922172126167336
1759,-26.128344346539706,9.392538634924506
1760,-14.008939618449837,9.046748591109722
1761,-34.84666682547227,9.817048701081623
1762,36.99099716648675,9.312060420094605
1763,10.680619822747058,11.173826467184647
1764,21.38182970631235,9.491439024983292
1765,31.252455598041255,8.613043954791301
1766,-20.066075341052624,8.699906420639385
1767,25.923218087940782,8.722506313204928
1768,22.633423376178953,8.463907012446054
1769,4.246152891990614,9.29923799365887
1770,9.760782356936975,7.4782279182064215
1771,-21.97787116511956,9.357081895697926
1772,0.5608512773090362,8.958781848724634
1773,12.732667973853754,8.788962260406148
1774,-27.868865365500227,8.277175872960301
1775,3.104371087596488,7.118477772827301
1776,25.5843441983878,9.9178063230223
1777,-38.23628950810978,8.217170921114246
1778,-12.053293582786917,9.474670035638926
1779,-5.633165809966248,8.534049157644262
1780,-16.192974072238087,10.471053234563646
1781,-9.919800413833233,7.777421718696977
1782,40.81597883263546,8.47286254945627
1783,7.3867601271632495,12.662113354074698
1784,-19.273246445419254,9.21049352282417
1785,-8.212167541361168,8.448896149902623
1786,-1.1133642433996336,10.22075809805226
1787,13.300283965764677,8.80359061395548
1788,23.11920276049217,8.619072956751696
1789,20.965951904444378,8.939492118621228
1790,41.71388682620835,8.773905095691081
1791,2.250615174017673,9.419717183850327
1792,-5.82631125128419,9.22639144551367
1793,3.241890277868343,7.519975396868784
1794,9.738612370032781,10.446198515958503
1795,7.7520478280497365,9.35652356756102
1796,-2.326282338081776,8.973148800522786
1797,30.908325864988367,9.376048570184661
1798,-13.436999512602087,7.8495377186915904
1799,-21.507966469514052,9.452495639610643
