,condition,patient
0,c1,p1
1,c1,p1
2,c1,p1
3,c1,p1
4,c1,p1
5,c1,p1
6,c1,p1
7,c1,p1
8,c1,p1
9,c1,p1
10,c1,p1
11,c1,p1
12,c1,p1
13,c1,p1
14,c1,p1
15,c1,p1
16,c1,p1
17,c1,p1
18,c1,p1
19,c1,p1
20,c1,p1
21,c1,p1
22,c1,p1
23,c1,p1
24,c1,p1
25,c1,p1
26,c1,p1
27,c1,p1
28,c1,p1
29,c1,p1
30,c1,p1
31,c1,p1
32,c1,p1
33,c1,p1
34,c1,p1
35,c1,p1
36,c1,p1
37,c1,p1
38,c1,p1
39,c1,p1
40,c1,p1
41,c1,p1
42,c1,p1
43,c1,p1
44,c1,p1
45,c1,p1
46,c1,p1
47,c1,p1
48,c1,p1
49,c1,p1
50,c1,p1
51,c1,p1
52,c1,p1
53,c1,p1
54,c1,p1
55,c1,p1
56,c1,p1
57,c1,p1
58,c1,p1
59,c1,p1
60,c1,p1
61,c1,p1
62,c1,p1
63,c1,p1
64,c1,p1
65,c1,p1
66,c1,p1
67,c1,p1
68,c1,p1
69,c1,p1
70,c1,p1
71,c1,p1
72,c1,p1
73,c1,p1
74,c1,p1
75,c1,p1
76,c1,p1
77,c1,p1
78,c1,p1
79,c1,p1
80,c1,p1
81,c1,p1
82,c1,p1
83,c1,p1
84,c1,p1
85,c1,p1
86,c1,p1
87,c1,p1
88,c1,p1
89,c1,p1
90,c1,p1
91,c1,p1
92,c1,p1
93,c1,p1
94,c1,p1
95,c1,p1
96,c1,p1
97,c1,p1
98,c1,p1
99,c1,p1
100,c1,p1
101,c1,p1
102,c1,p1
103,c1,p1
104,c1,p1
105,c1,p1
106,c1,p1
107,c1,p1
108,c1,p1
109,c1,p1
110,c1,p1
111,c1,p1
112,c1,p1
113,c1,p1
114,c1,p1
115,c1,p1
116,c1,p1
117,c1,p1
118,c1,p1
119,c1,p1
120,c1,p1
121,c1,p1
122,c1,p1
123,c1,p1
124,c1,p1
125,c1,p1
126,c1,p1
127,c1,p1
128,c1,p1
129,c1,p1
130,c1,p1
131,c1,p1
132,c1,p1
133,c1,p1
134,c1,p1
135,c1,p1
136,c1,p1
137,c1,p1
138,c1,p1
139,c1,p1
140,c1,p1
141,c1,p1
142,c1,p1
143,c1,p1
144,c1,p1
145,c1,p1
146,c1,p1
147,c1,p1
148,c1,p1
149,c1,p1
150,c1,p1
151,c1,p1
152,c1,p1
153,c1,p1
154,c1,p1
155,c1,p1
156,c1,p1
157,c1,p1
158,c1,p1
159,c1,p1
160,c1,p1
161,c1,p1
162,c1,p1
163,c1,p1
164,c1,p1
165,c1,p1
166,c1,p1
167,c1,p1
168,c1,p1
169,c1,p1
170,c1,p1
171,c1,p1
172,c1,p1
173,c1,p1
174,c1,p1
175,c1,p1
176,c1,p1
177,c1,p1
178,c1,p1
179,c1,p1
180,c1,p1
181,c1,p1
182,c1,p1
183,c1,p1
184,c1,p1
185,c1,p1
186,c1,p1
187,c1,p1
188,c1,p1
189,c1,p1
190,c1,p1
191,c1,p1
192,c1,p1
193,c1,p1
194,c1,p1
195,c1,p1
196,c1,p1
197,c1,p1
198,c1,p1
199,c1,p1
200,c1,p1
201,c1,p1
202,c1,p1
203,c1,p1
204,c1,p1
205,c1,p1
206,c1,p1
207,c1,p1
208,c1,p1
209,c1,p1
210,c1,p1
211,c1,p1
212,c1,p1
213,c1,p1
214,c1,p1
215,c1,p1
216,c1,p1
217,c1,p1
218,c1,p1
219,c1,p1
220,c1,p1
221,c1,p1
222,c1,p1
223,c1,p1
224,c1,p1
225,c1,p1
226,c1,p1
227,c1,p1
228,c1,p1
229,c1,p1
230,c1,p1
231,c1,p1
232,c1,p1
233,c1,p1
234,c1,p1
235,c1,p1
236,c1,p1
237,c1,p1
238,c1,p1
239,c1,p1
240,c1,p1
241,c1,p1
242,c1,p1
243,c1,p1
244,c1,p1
245,c1,p1
246,c1,p1
247,c1,p1
248,c1,p1
249,c1,p1
250,c1,p1
251,c1,p1
252,c1,p1
253,c1,p1
254,c1,p1
255,c1,p1
256,c1,p1
257,c1,p1
258,c1,p1
259,c1,p1
260,c1,p1
261,c1,p1
262,c1,p1
263,c1,p1
264,c1,p1
265,c1,p1
266,c1,p1
267,c1,p1
268,c1,p1
269,c1,p1
270,c1,p1
271,c1,p1
272,c1,p1
273,c1,p1
274,c1,p1
275,c1,p1
276,c1,p1
277,c1,p1
278,c1,p1
279,c1,p1
280,c1,p1
281,c1,p1
282,c1,p1
283,c1,p1
284,c1,p1
285,c1,p1
286,c1,p1
287,c1,p1
288,c1,p1
289,c1,p1
290,c1,p1
291,c1,p1
292,c1,p1
293,c1,p1
294,c1,p1
295,c1,p1
296,c1,p1
297,c1,p1
298,c1,p1
299,c1,p1
300,c1,p2
301,c1,p2
302,c1,p2
303,c1,p2
304,c1,p2
305,c1,p2
306,c1,p2
307,c1,p2
308,c1,p2
309,c1,p2
310,c1,p2
311,c1,p2
312,c1,p2
313,c1,p2
314,c1,p2
315,c1,p2
316,c1,p2
317,c1,p2
318,c1,p2
319,c1,p2
320,c1,p2
321,c1,p2
322,c1,p2
323,c1,p2
324,c1,p2
325,c1,p2
326,c1,p2
327,c1,p2
328,c1,p2
329,c1,p2
330,c1,p2
331,c1,p2
332,c1,p2
333,c1,p2
334,c1,p2
335,c1,p2
336,c1,p2
337,c1,p2
338,c1,p2
339,c1,p2
340,c1,p2
341,c1,p2
342,c1,p2
343,c1,p2
344,c1,p2
345,c1,p2
346,c1,p2
347,c1,p2
348,c1,p2
349,c1,p2
350,c1,p2
351,c1,p2
352,c1,p2
353,c1,p2
354,c1,p2
355,c1,p2
356,c1,p2
357,c1,p2
358,c1,p2
359,c1,p2
360,c1,p2
361,c1,p2
362,c1,p2
363,c1,p2
364,c1,p2
365,c1,p2
366,c1,p2
367,c1,p2
368,c1,p2
369,c1,p2
370,c1,p2
371,c1,p2
372,c1,p2
373,c1,p2
374,c1,p2
375,c1,p2
376,c1,p2
377,c1,p2
378,c1,p2
379,c1,p2
380,c1,p2
381,c1,p2
382,c1,p2
383,c1,p2
384,c1,p2
385,c1,p2
386,c1,p2
387,c1,p2
388,c1,p2
389,c1,p2
390,c1,p2
391,c1,p2
392,c1,p2
393,c1,p2
394,c1,p2
395,c1,p2
396,c1,p2
397,c1,p2
398,c1,p2
399,c1,p2
400,c1,p2
401,c1,p2
402,c1,p2
403,c1,p2
404,c1,p2
405,c1,p2
406,c1,p2
407,c1,p2
408,c1,p2
409,c1,p2
410,c1,p2
411,c1,p2
412,c1,p2
413,c1,p2
414,c1,p2
415,c1,p2
416,c1,p2
417,c1,p2
418,c1,p2
419,c1,p2
420,c1,p2
421,c1,p2
422,c1,p2
423,c1,p2
424,c1,p2
425,c1,p2
426,c1,p2
427,c1,p2
428,c1,p2
429,c1,p2
430,c1,p2
431,c1,p2
432,c1,p2
433,c1,p2
434,c1,p2
435,c1,p2
436,c1,p2
437,c1,p2
438,c1,p2
439,c1,p2
440,c1,p2
441,c1,p2
442,c1,p2
443,c1,p2
444,c1,p2
445,c1,p2
446,c1,p2
447,c1,p2
448,c1,p2
449,c1,p2
450,c1,p2
451,c1,p2
452,c1,p2
453,c1,p2
454,c1,p2
455,c1,p2
456,c1,p2
457,c1,p2
458,c1,p2
459,c1,p2
460,c1,p2
461,c1,p2
462,c1,p2
463,c1,p2
464,c1,p2
465,c1,p2
466,c1,p2
467,c1,p2
468,c1,p2
469,c1,p2
470,c1,p2
471,c1,p2
472,c1,p2
473,c1,p2
474,c1,p2
475,c1,p2
476,c1,p2
477,c1,p2
478,c1,p2
479,c1,p2
480,c1,p2
481,c1,p2
482,c1,p2
483,c1,p2
484,c1,p2
485,c1,p2
486,c1,p2
487,c1,p2
488,c1,p2
489,c1,p2
490,c1,p2
491,c1,p2
492,c1,p2
493,c1,p2
494,c1,p2
495,c1,p2
496,c1,p2
497,c1,p2
498,c1,p2
499,c1,p2
500,c1,p2
501,c1,p2
502,c1,p2
503,c1,p2
504,c1,p2
505,c1,p2
506,c1,p2
507,c1,p2
508,c1,p2
509,c1,p2
510,c1,p2
511,c1,p2
512,c1,p2
513,c1,p2
514,c1,p2
515,c1,p2
516,c1,p2
517,c1,p2
518,c1,p2
519,c1,p2
520,c1,p2
521,c1,p2
522,c1,p2
523,c1,p2
524,c1,p2
525,c1,p2
526,c1,p2
527,c1,p2
528,c1,p2
529,c1,p2
530,c1,p2
531,c1,p2
532,c1,p2
533,c1,p2
534,c1,p2
535,c1,p2
536,c1,p2
537,c1,p2
538,c1,p2
539,c1,p2
540,c1,p2
541,c1,p2
542,c1,p2
543,c1,p2
544,c1,p2
545,c1,p2
546,c1,p2
547,c1,p2
548,c1,p2
549,c1,p2
550,c1,p2
551,c1,p2
552,c1,p2
553,c1,p2
554,c1,p2
555,c1,p2
556,c1,p2
557,c1,p2
558,c1,p2
559,c1,p2
560,c1,p2
561,c1,p2
562,c1,p2
563,c1,p2
564,c1,p2
565,c1,p2
566,c1,p2
567,c1,p2
568,c1,p2
569,c1,p2
570,c1,p2
571,c1,p2
572,c1,p2
573,c1,p2
574,c1,p2
575,c1,p2
576,c1,p2
577,c1,p2
578,c1,p2
579,c1,p2
580,c1,p2
581,c1,p2
582,c1,p2
583,c1,p2
584,c1,p2
585,c1,p2
586,c1,p2
587,c1,p2
588,c1,p2
589,c1,p2
590,c1,p2
591,c1,p2
592,c1,p2
593,c1,p2
594,c1,p2
595,c1,p2
596,c1,p2
597,c1,p2
598,c1,p2
599,c1,p2
600,c2,p1
601,c2,p1
602,c2,p1
603,c2,p1
604,c2,p1
605,c2,p1
606,c2,p1
607,c2,p1
608,c2,p1
609,c2,p1
610,c2,p1
611,c2,p1
612,c2,p1
613,c2,p1
614,c2,p1
615,c2,p1
616,c2,p1
617,c2,p1
618,c2,p1
619,c2,p1
620,c2,p1
621,c2,p1
622,c2,p1
623,c2,p1
624,c2,p1
625,c2,p1
626,c2,p1
627,c2,p1
628,c2,p1
629,c2,p1
630,c2,p1
631,c2,p1
632,c2,p1
633,c2,p1
634,c2,p1
635,c2,p1
636,c2,p1
637,c2,p1
638,c2,p1
639,c2,p1
640,c2,p1
641,c2,p1
642,c2,p1
643,c2,p1
644,c2,p1
645,c2,p1
646,c2,p1
647,c2,p1
648,c2,p1
649,c2,p1
650,c2,p1
651,c2,p1
652,c2,p1
653,c2,p1
654,c2,p1
655,c2,p1
656,c2,p1
657,c2,p1
658,c2,p1
659,c2,p1
660,c2,p1
661,c2,p1
662,c2,p1
663,c2,p1
664,c2,p1
665,c2,p1
666,c2,p1
667,c2,p1
668,c2,p1
669,c2,p1
670,c2,p1
671,c2,p1
672,c2,p1
673,c2,p1
674,c2,p1
675,c2,p1
676,c2,p1
677,c2,p1
678,c2,p1
679,c2,p1
680,c2,p1
681,c2,p1
682,c2,p1
683,c2,p1
684,c2,p1
685,c2,p1
686,c2,p1
687,c2,p1
688,c2,p1
689,c2,p1
690,c2,p1
691,c2,p1
692,c2,p1
693,c2,p1
694,c2,p1
695,c2,p1
696,c2,p1
697,c2,p1
698,c2,p1
699,c2,p1
700,c2,p1
701,c2,p1
702,c2,p1
703,c2,p1
704,c2,p1
705,c2,p1
706,c2,p1
707,c2,p1
708,c2,p1
709,c2,p1
710,c2,p1
711,c2,p1
712,c2,p1
713,c2,p1
714,c2,p1
715,c2,p1
716,c2,p1
717,c2,p1
718,c2,p1
719,c2,p1
720,c2,p1
721,c2,p1
722,c2,p1
723,c2,p1
724,c2,p1
725,c2,p1
726,c2,p1
727,c2,p1
728,c2,p1
729,c2,p1
730,c2,p1
731,c2,p1
732,c2,p1
733,c2,p1
734,c2,p1
735,c2,p1
736,c2,p1
737,c2,p1
738,c2,p1
739,c2,p1
740,c2,p1
741,c2,p1
742,c2,p1
743,c2,p1
744,c2,p1
745,c2,p1
746,c2,p1
747,c2,p1
748,c2,p1
749,c2,p1
750,c2,p1
751,c2,p1
752,c2,p1
753,c2,p1
754,c2,p1
755,c2,p1
756,c2,p1
757,c2,p1
758,c2,p1
759,c2,p1
760,c2,p1
761,c2,p1
762,c2,p1
763,c2,p1
764,c2,p1
765,c2,p1
766,c2,p1
767,c2,p1
768,c2,p1
769,c2,p1
770,c2,p1
771,c2,p1
772,c2,p1
773,c2,p1
774,c2,p1
775,c2,p1
776,c2,p1
777,c2,p1
778,c2,p1
779,c2,p1
780,c2,p1
781,c2,p1
782,c2,p1
783,c2,p1
784,c2,p1
785,c2,p1
786,c2,p1
787,c2,p1
788,c2,p1
789,c2,p1
790,c2,p1
791,c2,p1
792,c2,p1
793,c2,p1
794,c2,p1
795,c2,p1
796,c2,p1
797,c2,p1
798,c2,p1
799,c2,p1
800,c2,p1
801,c2,p1
802,c2,p1
803,c2,p1
804,c2,p1
805,c2,p1
806,c2,p1
807,c2,p1
808,c2,p1
809,c2,p1
810,c2,p1
811,c2,p1
812,c2,p1
813,c2,p1
814,c2,p1
815,c2,p1
816,c2,p1
817,c2,p1
818,c2,p1
819,c2,p1
820,c2,p1
821,c2,p1
822,c2,p1
823,c2,p1
824,c2,p1
825,c2,p1
826,c2,p1
827,c2,p1
828,c2,p1
829,c2,p1
830,c2,p1
831,c2,p1
832,c2,p1
833,c2,p1
834,c2,p1
835,c2,p1
836,c2,p1
837,c2,p1
838,c2,p1
839,c2,p1
840,c2,p1
841,c2,p1
842,c2,p1
843,c2,p1
844,c2,p1
845,c2,p1
846,c2,p1
847,c2,p1
848,c2,p1
849,c2,p1
850,c2,p1
851,c2,p1
852,c2,p1
853,c2,p1
854,c2,p1
855,c2,p1
856,c2,p1
857,c2,p1
858,c2,p1
859,c2,p1
860,c2,p1
861,c2,p1
862,c2,p1
863,c2,p1
864,c2,p1
865,c2,p1
866,c2,p1
867,c2,p1
868,c2,p1
869,c2,p1
870,c2,p1
871,c2,p1
872,c2,p1
873,c2,p1
874,c2,p1
875,c2,p1
876,c2,p1
877,c2,p1
878,c2,p1
879,c2,p1
880,c2,p1
881,c2,p1
882,c2,p1
883,c2,p1
884,c2,p1
885,c2,p1
886,c2,p1
887,c2,p1
888,c2,p1
889,c2,p1
890,c2,p1
891,c2,p1
892,c2,p1
893,c2,p1
894,c2,p1
895,c2,p1
896,c2,p1
897,c2,p1
898,c2,p1
899,c2,p1
900,c2,p2
901,c2,p2
902,c2,p2
903,c2,p2
904,c2,p2
905,c2,p2
906,c2,p2
907,c2,p2
908,c2,p2
909,c2,p2
910,c2,p2
911,c2,p2
912,c2,p2
913,c2,p2
914,c2,p2
915,c2,p2
916,c2,p2
917,c2,p2
918,c2,p2
919,c2,p2
920,c2,p2
921,c2,p2
922,c2,p2
923,c2,p2
924,c2,p2
925,c2,p2
926,c2,p2
927,c2,p2
928,c2,p2
929,c2,p2
930,c2,p2
931,c2,p2
932,c2,p2
933,c2,p2
934,c2,p2
935,c2,p2
936,c2,p2
937,c2,p2
938,c2,p2
939,c2,p2
940,c2,p2
941,c2,p2
942,c2,p2
943,c2,p2
944,c2,p2
945,c2,p2
946,c2,p2
947,c2,p2
948,c2,p2
949,c2,p2
950,c2,p2
951,c2,p2
952,c2,p2
953,c2,p2
954,c2,p2
955,c2,p2
956,c2,p2
957,c2,p2
958,c2,p2
959,c2,p2
960,c2,p2
961,c2,p2
962,c2,p2
963,c2,p2
964,c2,p2
965,c2,p2
966,c2,p2
967,c2,p2
968,c2,p2
969,c2,p2
970,c2,p2
971,c2,p2
972,c2,p2
973,c2,p2
974,c2,p2
975,c2,p2
976,c2,p2
977,c2,p2
978,c2,p2
979,c2,p2
980,c2,p2
981,c2,p2
982,c2,p2
983,c2,p2
984,c2,p2
985,c2,p2
986,c2,p2
987,c2,p2
988,c2,p2
989,c2,p2
990,c2,p2
991,c2,p2
992,c2,p2
993,c2,p2
994,c2,p2
995,c2,p2
996,c2,p2
997,c2,p2
998,c2,p2
999,c2,p2
1000,c2,p2
1001,c2,p2
1002,c2,p2
1003,c2,p2
1004,c2,p2
1005,c2,p2
1006,c2,p2
1007,c2,p2
1008,c2,p2
1009,c2,p2
1010,c2,p2
1011,c2,p2
1012,c2,p2
1013,c2,p2
1014,c2,p2
1015,c2,p2
1016,c2,p2
1017,c2,p2
1018,c2,p2
1019,c2,p2
1020,c2,p2
1021,c2,p2
1022,c2,p2
1023,c2,p2
1024,c2,p2
1025,c2,p2
1026,c2,p2
1027,c2,p2
1028,c2,p2
1029,c2,p2
1030,c2,p2
1031,c2,p2
1032,c2,p2
1033,c2,p2
1034,c2,p2
1035,c2,p2
1036,c2,p2
1037,c2,p2
1038,c2,p2
1039,c2,p2
1040,c2,p2
1041,c2,p2
1042,c2,p2
1043,c2,p2
1044,c2,p2
1045,c2,p2
1046,c2,p2
1047,c2,p2
1048,c2,p2
1049,c2,p2
1050,c2,p2
1051,c2,p2
1052,c2,p2
1053,c2,p2
1054,c2,p2
1055,c2,p2
1056,c2,p2
1057,c2,p2
1058,c2,p2
1059,c2,p2
1060,c2,p2
1061,c2,p2
1062,c2,p2
1063,c2,p2
1064,c2,p2
1065,c2,p2
1066,c2,p2
1067,c2,p2
1068,c2,p2
1069,c2,p2
1070,c2,p2
1071,c2,p2
1072,c2,p2
1073,c2,p2
1074,c2,p2
1075,c2,p2
1076,c2,p2
1077,c2,p2
1078,c2,p2
1079,c2,p2
1080,c2,p2
1081,c2,p2
1082,c2,p2
1083,c2,p2
1084,c2,p2
1085,c2,p2
1086,c2,p2
1087,c2,p2
1088,c2,p2
1089,c2,p2
1090,c2,p2
1091,c2,p2
1092,c2,p2
1093,c2,p2
1094,c2,p2
1095,c2,p2
1096,c2,p2
1097,c2,p2
1098,c2,p2
1099,c2,p2
1100,c2,p2
1101,c2,p2
1102,c2,p2
1103,c2,p2
1104,c2,p2
1105,c2,p2
1106,c2,p2
1107,c2,p2
1108,c2,p2
1109,c2,p2
1110,c2,p2
1111,c2,p2
1112,c2,p2
1113,c2,p2
1114,c2,p2
1115,c2,p2
1116,c2,p2
1117,c2,p2
1118,c2,p2
1119,c2,p2
1120,c2,p2
1121,c2,p2
1122,c2,p2
1123,c2,p2
1124,c2,p2
1125,c2,p2
1126,c2,p2
1127,c2,p2
1128,c2,p2
1129,c2,p2
1130,c2,p2
1131,c2,p2
1132,c2,p2
1133,c2,p2
1134,c2,p2
1135,c2,p2
1136,c2,p2
1137,c2,p2
1138,c2,p2
1139,c2,p2
1140,c2,p2
1141,c2,p2
1142,c2,p2
1143,c2,p2
1144,c2,p2
1145,c2,p2
1146,c2,p2
1147,c2,p2
1148,c2,p2
1149,c2,p2
1150,c2,p2
1151,c2,p2
1152,c2,p2
1153,c2,p2
1154,c2,p2
1155,c2,p2
1156,c2,p2
1157,c2,p2
1158,c2,p2
1159,c2,p2
1160,c2,p2
1161,c2,p2
1162,c2,p2
1163,c2,p2
1164,c2,p2
1165,c2,p2
1166,c2,p2
1167,c2,p2
1168,c2,p2
1169,c2,p2
1170,c2,p2
1171,c2,p2
1172,c2,p2
1173,c2,p2
1174,c2,p2
1175,c2,p2
1176,c2,p2
1177,c2,p2
1178,c2,p2
1179,c2,p2
1180,c2,p2
1181,c2,p2
1182,c2,p2
1183,c2,p2
1184,c2,p2
1185,c2,p2
1186,c2,p2
1187,c2,p2
1188,c2,p2
1189,c2,p2
1190,c2,p2
1191,c2,p2
1192,c2,p2
1193,c2,p2
1194,c2,p2
1195,c2,p2
1196,c2,p2
1197,c2,p2
1198,c2,p2
1199,c2,p2
1200,c3,p1
1201,c3,p1
1202,c3,p1
1203,c3,p1
1204,c3,p1
1205,c3,p1
1206,c3,p1
1207,c3,p1
1208,c3,p1
1209,c3,p1
1210,c3,p1
1211,c3,p1
1212,c3,p1
1213,c3,p1
1214,c3,p1
1215,c3,p1
1216,c3,p1
1217,c3,p1
1218,c3,p1
1219,c3,p1
1220,c3,p1
1221,c3,p1
1222,c3,p1
1223,c3,p1
1224,c3,p1
1225,c3,p1
1226,c3,p1
1227,c3,p1
1228,c3,p1
1229,c3,p1
1230,c3,p1
1231,c3,p1
1232,c3,p1
1233,c3,p1
1234,c3,p1
1235,c3,p1
1236,c3,p1
1237,c3,p1
1238,c3,p1
1239,c3,p1
1240,c3,p1
1241,c3,p1
1242,c3,p1
1243,c3,p1
1244,c3,p1
1245,c3,p1
1246,c3,p1
1247,c3,p1
1248,c3,p1
1249,c3,p1
1250,c3,p1
1251,c3,p1
1252,c3,p1
1253,c3,p1
1254,c3,p1
1255,c3,p1
1256,c3,p1
1257,c3,p1
1258,c3,p1
1259,c3,p1
1260,c3,p1
1261,c3,p1
1262,c3,p1
1263,c3,p1
1264,c3,p1
1265,c3,p1
1266,c3,p1
1267,c3,p1
1268,c3,p1
1269,c3,p1
1270,c3,p1
1271,c3,p1
1272,c3,p1
1273,c3,p1
1274,c3,p1
1275,c3,p1
1276,c3,p1
1277,c3,p1
1278,c3,p1
1279,c3,p1
1280,c3,p1
1281,c3,p1
1282,c3,p1
1283,c3,p1
1284,c3,p1
1285,c3,p1
1286,c3,p1
1287,c3,p1
1288,c3,p1
1289,c3,p1
1290,c3,p1
1291,c3,p1
1292,c3,p1
1293,c3,p1
1294,c3,p1
1295,c3,p1
1296,c3,p1
1297,c3,p1
1298,c3,p1
1299,c3,p1
1300,c3,p1
1301,c3,p1
1302,c3,p1
1303,c3,p1
1304,c3,p1
1305,c3,p1
1306,c3,p1
1307,c3,p1
1308,c3,p1
1309,c3,p1
1310,c3,p1
1311,c3,p1
1312,c3,p1
1313,c3,p1
1314,c3,p1
1315,c3,p1
1316,c3,p1
1317,c3,p1
1318,c3,p1
1319,c3,p1
1320,c3,p1
1321,c3,p1
1322,c3,p1
1323,c3,p1
1324,c3,p1
1325,c3,p1
1326,c3,p1
1327,c3,p1
1328,c3,p1
1329,c3,p1
1330,c3,p1
1331,c3,p1
1332,c3,p1
1333,c3,p1
1334,c3,p1
1335,c3,p1
1336,c3,p1
1337,c3,p1
1338,c3,p1
1339,c3,p1
1340,c3,p1
1341,c3,p1
1342,c3,p1
1343,c3,p1
1344,c3,p1
1345,c3,p1
1346,c3,p1
1347,c3,p1
1348,c3,p1
1349,c3,p1
1350,c3,p1
1351,c3,p1
1352,c3,p1
1353,c3,p1
1354,c3,p1
1355,c3,p1
1356,c3,p1
1357,c3,p1
1358,c3,p1
1359,c3,p1
1360,c3,p1
1361,c3,p1
1362,c3,p1
1363,c3,p1
1364,c3,p1
1365,c3,p1
1366,c3,p1
1367,c3,p1
1368,c3,p1
1369,c3,p1
1370,c3,p1
1371,c3,p1
1372,c3,p1
1373,c3,p1
1374,c3,p1
1375,c3,p1
1376,c3,p1
1377,c3,p1
1378,c3,p1
1379,c3,p1
1380,c3,p1
1381,c3,p1
1382,c3,p1
1383,c3,p1
1384,c3,p1
1385,c3,p1
1386,c3,p1
1387,c3,p1
1388,c3,p1
1389,c3,p1
1390,c3,p1
1391,c3,p1
1392,c3,p1
1393,c3,p1
1394,c3,p1
1395,c3,p1
1396,c3,p1
1397,c3,p1
1398,c3,p1
1399,c3,p1
1400,c3,p1
1401,c3,p1
1402,c3,p1
1403,c3,p1
1404,c3,p1
1405,c3,p1
1406,c3,p1
1407,c3,p1
1408,c3,p1
1409,c3,p1
1410,c3,p1
1411,c3,p1
1412,c3,p1
1413,c3,p1
1414,c3,p1
1415,c3,p1
1416,c3,p1
1417,c3,p1
1418,c3,p1
1419,c3,p1
1420,c3,p1
1421,c3,p1
1422,c3,p1
1423,c3,p1
1424,c3,p1
1425,c3,p1
1426,c3,p1
1427,c3,p1
1428,c3,p1
1429,c3,p1
1430,c3,p1
1431,c3,p1
1432,c3,p1
1433,c3,p1
1434,c3,p1
1435,c3,p1
1436,c3,p1
1437,c3,p1
1438,c3,p1
1439,c3,p1
1440,c3,p1
1441,c3,p1
1442,c3,p1
1443,c3,p1
1444,c3,p1
1445,c3,p1
1446,c3,p1
1447,c3,p1
1448,c3,p1
1449,c3,p1
1450,c3,p1
1451,c3,p1
1452,c3,p1
1453,c3,p1
1454,c3,p1
1455,c3,p1
1456,c3,p1
1457,c3,p1
1458,c3,p1
1459,c3,p1
1460,c3,p1
1461,c3,p1
1462,c3,p1
1463,c3,p1
1464,c3,p1
1465,c3,p1
1466,c3,p1
1467,c3,p1
1468,c3,p1
1469,c3,p1
1470,c3,p1
1471,c3,p1
1472,c3,p1
1473,c3,p1
1474,c3,p1
1475,c3,p1
1476,c3,p1
1477,c3,p1
1478,c3,p1
1479,c3,p1
1480,c3,p1
1481,c3,p1
1482,c3,p1
1483,c3,p1
1484,c3,p1
1485,c3,p1
1486,c3,p1
1487,c3,p1
1488,c3,p1
1489,c3,p1
1490,c3,p1
1491,c3,p1
1492,c3,p1
1493,c3,p1
1494,c3,p1
1495,c3,p1
1496,c3,p1
1497,c3,p1
1498,c3,p1
1499,c3,p1
1500,c3,p2
1501,c3,p2
1502,c3,p2
1503,c3,p2
1504,c3,p2
1505,c3,p2
1506,c3,p2
1507,c3,p2
1508,c3,p2
1509,c3,p2
1510,c3,p2
1511,c3,p2
1512,c3,p2
1513,c3,p2
1514,c3,p2
1515,c3,p2
1516,c3,p2
1517,c3,p2
1518,c3,p2
1519,c3,p2
1520,c3,p2
1521,c3,p2
1522,c3,p2
1523,c3,p2
1524,c3,p2
1525,c3,p2
1526,c3,p2
1527,c3,p2
1528,c3,p2
1529,c3,p2
1530,c3,p2
1531,c3,p2
1532,c3,p2
1533,c3,p2
1534,c3,p2
1535,c3,p2
1536,c3,p2
1537,c3,p2
1538,c3,p2
1539,c3,p2
1540,c3,p2
1541,c3,p2
1542,c3,p2
1543,c3,p2
1544,c3,p2
1545,c3,p2
1546,c3,p2
1547,c3,p2
1548,c3,p2
1549,c3,p2
1550,c3,p2
1551,c3,p2
1552,c3,p2
1553,c3,p2
1554,c3,p2
1555,c3,p2
1556,c3,p2
1557,c3,p2
1558,c3,p2
1559,c3,p2
1560,c3,p2
1561,c3,p2
1562,c3,p2
1563,c3,p2
1564,c3,p2
1565,c3,p2
1566,c3,p2
1567,c3,p2
1568,c3,p2
1569,c3,p2
1570,c3,p2
1571,c3,p2
1572,c3,p2
1573,c3,p2
1574,c3,p2
1575,c3,p2
1576,c3,p2
1577,c3,p2
1578,c3,p2
1579,c3,p2
1580,c3,p2
1581,c3,p2
1582,c3,p2
1583,c3,p2
1584,c3,p2
1585,c3,p2
1586,c3,p2
1587,c3,p2
1588,c3,p2
1589,c3,p2
1590,c3,p2
1591,c3,p2
1592,c3,p2
1593,c3,p2
1594,c3,p2
1595,c3,p2
1596,c3,p2
1597,c3,p2
1598,c3,p2
1599,c3,p2
1600,c3,p2
1601,c3,p2
1602,c3,p2
1603,c3,p2
1604,c3,p2
1605,c3,p2
1606,c3,p2
1607,c3,p2
1608,c3,p2
1609,c3,p2
1610,c3,p2
1611,c3,p2
1612,c3,p2
1613,c3,p2
1614,c3,p2
1615,c3,p2
1616,c3,p2
1617,c3,p2
1618,c3,p2
1619,c3,p2
1620,c3,p2
1621,c3,p2
1622,c3,p2
1623,c3,p2
1624,c3,p2
1625,c3,p2
1626,c3,p2
1627,c3,p2
1628,c3,p2
1629,c3,p2
1630,c3,p2
1631,c3,p2
1632,c3,p2
1633,c3,p2
1634,c3,p2
1635,c3,p2
1636,c3,p2
1637,c3,p2
1638,c3,p2
1639,c3,p2
1640,c3,p2
1641,c3,p2
1642,c3,p2
1643,c3,p2
1644,c3,p2
1645,c3,p2
1646,c3,p2
1647,c3,p2
1648,c3,p2
1649,c3,p2
1650,c3,p2
1651,c3,p2
1652,c3,p2
1653,c3,p2
1654,c3,p2
1655,c3,p2
1656,c3,p2
1657,c3,p2
1658,c3,p2
1659,c3,p2
1660,c3,p2
1661,c3,p2
1662,c3,p2
1663,c3,p2
1664,c3,p2
1665,c3,p2
1666,c3,p2
1667,c3,p2
1668,c3,p2
1669,c3,p2
1670,c3,p2
1671,c3,p2
1672,c3,p2
1673,c3,p2
1674,c3,p2
1675,c3,p2
1676,c3,p2
1677,c3,p2
1678,c3,p2
1679,c3,p2
1680,c3,p2
1681,c3,p2
1682,c3,p2
1683,c3,p2
1684,c3,p2
1685,c3,p2
1686,c3,p2
1687,c3,p2
1688,c3,p2
1689,c3,p2
1690,c3,p2
1691,c3,p2
1692,c3,p2
1693,c3,p2
1694,c3,p2
1695,c3,p2
1696,c3,p2
1697,c3,p2
1698,c3,p2
1699,c3,p2
1700,c3,p2
1701,c3,p2
1702,c3,p2
1703,c3,p2
1704,c3,p2
1705,c3,p2
1706,c3,p2
1707,c3,p2
1708,c3,p2
1709,c3,p2
1710,c3,p2
1711,c3,p2
1712,c3,p2
1713,c3,p2
1714,c3,p2
1715,c3,p2
1716,c3,p2
1717,c3,p2
1718,c3,p2
1719,c3,p2
1720,c3,p2
1721,c3,p2
1722,c3,p2
1723,c3,p2
1724,c3,p2
1725,c3,p2
1726,c3,p2
1727,c3,p2
1728,c3,p2
1729,c3,p2
1730,c3,p2
1731,c3,p2
1732,c3,p2
1733,c3,p2
1734,c3,p2
1735,c3,p2
1736,c3,p2
1737,c3,p2
1738,c3,p2
1739,c3,p2
1740,c3,p2
1741,c3,p2
1742,c3,p2
1743,c3,p2
1744,c3,p2
1745,c3,p2
1746,c3,p2
1747,c3,p2
1748,c3,p2
1749,c3,p2
1750,c3,p2
1751,c3,p2
1752,c3,p2
1753,c3,p2
1754,c3,p2
1755,c3,p2
1756,c3,p2
1757,c3,p2
1758,c3,p2
1759,c3,p2
1760,c3,p2
1761,c3,p2
1762,c3,p2
1763,c3,p2
1764,c3,p2
1765,c3,p2
1766,c3,p2
1767,c3,p2
1768,c3,p2
1769,c3,p2
1770,c3,p2
1771,c3,p2
1772,c3,p2
1773,c3,p2
1774,c3,p2
1775,c3,p2
1776,c3,p2
1777,c3,p2
1778,c3,p2
1779,c3,p2
1780,c3,p2
1781,c3,p2
1782,c3,p2
1783,c3,p2
1784,c3,p2
1785,c3,p2
1786,c3,p2
1787,c3,p2
1788,c3,p2
1789,c3,p2
1790,c3,p2
1791,c3,p2
1792,c3,p2
1793,c3,p2
1794,c3,p2
1795,c3,p2
1796,c3,p2
1797,c3,p2
1798,c3,p2
1799,c3,p2
